source_relative_path,bytes,sha256,git_blob_sha1,canonical_relative_path,disposition,archive_relative_path
data/access_probe_pilot_2026-05-30 2.csv,2961,6783756e1bb40c248f9abeda389f62b8a8e5d4d5cf4911847b4dd561055cce88,a38175ff8729a0cbf43e71cbe8f9da1c5c67b8a5,data/access_probe_pilot_2026-05-30.csv,remote_reachable_blob,
data/access_probe_replacements_2026-05-30 2.csv,2208,d81e165752788efe23adbc0b054502062e4df832d0a5d6dc321d1fc5cef9d065,e630748dd3758b8033de830db60dcd71a915458f,data/access_probe_replacements_2026-05-30.csv,remote_reachable_blob,
data/access_probe_replacements_batch2_2026-05-30 2.csv,2640,5da64ac8c170138b366ee588108fe0e803958731fb919354fa4e21b3c28e5010,ff11a112d1bb2c27e4134d2435e089bf187a25d9,data/access_probe_replacements_batch2_2026-05-30.csv,remote_reachable_blob,
data/access_probe_smoke_2026-05-29 2.csv,1237,c27588eef59b3d934acc676778e33bc08304bf17ead5d3119cf196dd86b6f079,b217012d7c0a1b2a3a242e5c93447c8f6c6c3aad,data/access_probe_smoke_2026-05-29.csv,remote_reachable_blob,
data/audit_report_summary 2.csv,18231,596722564df7630fee57b47849639f4f811ce0ebfd1628a3fd680744c38386c9,78c4e3be8a0a7f6aec3b1389cdb8c5985c13005b,data/audit_report_summary.csv,remote_reachable_blob,
data/captures/access_probe/apnews_com 2.png,533044,2f9fb614d5a20b95213ac5c3dc7349ffec809af1f93862b38903a1a61000a6c2,a1b9ac26b950fe9085d4e4bc72311f8fbce4e5bc,data/captures/access_probe/apnews_com.png,remote_reachable_blob,
data/captures/access_probe/weather_com 2.png,331018,20c87eb565994a427012b302a01d452efa06b28f3d5584d93486c92d4f91a7ff,dc38aec8dcf61f511e83359e81d9c46ae1caa980,data/captures/access_probe/weather_com.png,remote_reachable_blob,
data/captures/access_probe/www_airbnb_com 2.png,643189,0f726d5fb14818c4d3e36531e2af53c5df77f22a8c72379b51955ce9faa14705,16ccec99c9d9e6508013e006bfd1eb285ea86534,data/captures/access_probe/www_airbnb_com.png,remote_reachable_blob,
data/captures/access_probe/www_amazon_com 2.png,738289,aa496dc53c28bed030ba6e36bbf5923389940580e58ffbaa62f8884e587e772c,03277327abc7a506db075895673338cb93b39276,data/captures/access_probe/www_amazon_com.png,remote_reachable_blob,
data/captures/access_probe/www_bbc_com 2.png,434137,68d444fdad68373d19ea58d8cc49af6ae4d482fec619e1b87c89f6e9a838f0f4,dce6c30997a8b1d9170a90e21f4d233ea326d554,data/captures/access_probe/www_bbc_com.png,remote_reachable_blob,
data/captures/access_probe/www_bestbuy_com 2.png,592369,2a6cb4ced9e634d22581f847cb7a0a4e9cfe5b907b5e4d86caf176f9de374797,f425e8e313244799e1eacbe660e9d32408ea22e0,data/captures/access_probe/www_bestbuy_com.png,remote_reachable_blob,
data/captures/access_probe/www_booking_com 2.png,135917,3eec32b627dbebac81b9c7132ff917c2ac0b7b3e4d44c76d39915c8dd46dceb6,6b47b9d0cb1fd4f521a191ce1f00d1d553283295,data/captures/access_probe/www_booking_com.png,remote_reachable_blob,
data/captures/access_probe/www_chase_com 2.png,136649,1ab7681cf93d7d17c25edb50fc777565ecaf61a2008984bcf1b735470c7116c3,5181c4ef377bf36c208db604e22282ebbcaf3142,data/captures/access_probe/www_chase_com.png,remote_reachable_blob,
data/captures/access_probe/www_cnn_com 2.png,670217,aec8e84240ed2e7ff7c3ac38438a746a28ccb558de0cc6ae0fb4d386042bc16a,2c0ef6eae112aeb39fe4d29c4fcb02f3bf9ecf7f,data/captures/access_probe/www_cnn_com.png,remote_reachable_blob,
data/captures/access_probe/www_coca_cola_com 2.png,358999,b105980cbd97221d0e8dea6c97f0f0bb2ca11609fe227edbd9ae423922b563ca,967dd2e78d0843d8e93eea19348838183bbc6e9b,data/captures/access_probe/www_coca_cola_com.png,remote_reachable_blob,
data/captures/access_probe/www_delta_com 2.png,27391,9a7bcc46e970460a322398a57b44e596012d7afaee3572e58cb617fe4916a819,52cb6696e889781a165023df4e47a0481f29fa57,data/captures/access_probe/www_delta_com.png,remote_reachable_blob,
data/captures/access_probe/www_ebay_com 2.png,421452,30e7183d601ab8a6f360cd53a9ee13896d5090a1608c343a1ec5e50f25c9172c,36808845fd8e21c40d0021380de8a2c9d6e5f187,data/captures/access_probe/www_ebay_com.png,remote_reachable_blob,
data/captures/access_probe/www_etsy_com 2.png,45989,33f42977b08d70cffb715d53bd306ff20807b4a5a9b25a8c8b0e390086eae1cb,82194cd3df70478ccd9f4bc95820a26cd45139a6,data/captures/access_probe/www_etsy_com.png,remote_reachable_blob,
data/captures/access_probe/www_expedia_com 2.png,69980,4ad284bf435d9968cb6c8e8b234a7174e49002efd1683d1b4b376b8dbce15fbf,efa273265a350f42b0a6629f156b5150c60cac49,data/captures/access_probe/www_expedia_com.png,remote_reachable_blob,
data/captures/access_probe/www_forbes_com 2.png,610320,c7b54184d79d93a2b95a0baf425cbad661d1552fa51a95d404baa8ad15470b98,b7655f27649bbe4de8c779728d884ba306312f1f,data/captures/access_probe/www_forbes_com.png,remote_reachable_blob,
data/captures/access_probe/www_homedepot_com 2.png,27805,b7445902abf5d16b61360407f6cc077960fbb32d98214d852c436afbc609222c,1e325a887cab190168d43004e7f5cdc0348f6ebf,data/captures/access_probe/www_homedepot_com.png,remote_reachable_blob,
data/captures/access_probe/www_hyatt_com 2.png,45456,de04db76f9fb3df6ed37d9fb9adda52091bede0cfc4613b7233c855e90a5d6b3,3168d93cdf9bff603f471e673f817bb484a09e93,data/captures/access_probe/www_hyatt_com.png,remote_reachable_blob,
data/captures/access_probe/www_ibm_com 2.png,435145,5cf4f3db1e817d04cf816f94dc61208533f6b800b7a7a84c02570be42fa93750,5a4dddfcce09bf1d4d49e851ed4b8ff0273e20dc,data/captures/access_probe/www_ibm_com.png,remote_reachable_blob,
data/captures/access_probe/www_ikea_com 2.png,444746,95d8bd82d49ce966985a32fa635583706e7ff4967fda409d85af90cbe6f3f729,a66dc97d08c8ccfdf1a7e68c03be1b45d769a7d1,data/captures/access_probe/www_ikea_com.png,remote_reachable_blob,
data/captures/access_probe/www_indeed_com 2.png,95202,99e63da0bf820902c5b0225229d89cdfdb819cdf81a1aad80841696665545658,6f36bfd945293fc2d4ac301f754a7c42e03e15a4,data/captures/access_probe/www_indeed_com.png,remote_reachable_blob,
data/captures/access_probe/www_intuit_com 2.png,138155,80f4a20770eeeb7c618b77e13996b45239064c681435202d07d80d70895dd3d6,3ea15fe75bcd6fb2ac1b6c9d2144f15e2fa5221e,data/captures/access_probe/www_intuit_com.png,remote_reachable_blob,
data/captures/access_probe/www_marriott_com 2.png,27695,d6795cdfc9223b6f56caeeda8857404aa1061291b86e614e9e59b7480ceb9d31,d5f5981400cb84dfaaf45bd85f68042c60f57de4,data/captures/access_probe/www_marriott_com.png,remote_reachable_blob,
data/captures/access_probe/www_nationalgeographic_com 2.png,631735,b1dc05cec8c0cf73d40e4083a3c9e583b97ec3c14a37c5d894ea002d032f4bd1,39ceca0c674fc0f4ed24cbb4a78b29fe99ade2c3,data/captures/access_probe/www_nationalgeographic_com.png,remote_reachable_blob,
data/captures/access_probe/www_nerdwallet_com 2.png,616242,6b3c4d74473fc512f19d8542fc60584e3c32591baef516391bf0b274f0441ebb,50bea1987f5f1c5e8883d5bebe011d8d918e94f9,data/captures/access_probe/www_nerdwallet_com.png,remote_reachable_blob,
data/captures/access_probe/www_netflix_com 2.png,1294565,7216e2c75ed6231154bb653033a4994b38c4e2fe5eef92a32eef584a6482cb52,b81532f9acd773586a9e1e7760c24a04f6904597,data/captures/access_probe/www_netflix_com.png,remote_reachable_blob,
data/captures/access_probe/www_nike_com 2.png,524502,ea3345bede3bd42a0aacd30f6c3a79ebfff802320206e3c0945387936a8164a9,0b4910e6cd970bee11e0eb772aff9d98b0f4e336,data/captures/access_probe/www_nike_com.png,remote_reachable_blob,
data/captures/access_probe/www_nytimes_com 2.png,772092,f492c9e933d7b93d47f31d5aed3ddf336a7c929cb934c8f946e3aa3bbcefec8e,c793671e4af84212a074c205c386f4e9369b054d,data/captures/access_probe/www_nytimes_com.png,remote_reachable_blob,
data/captures/access_probe/www_oracle_com 2.png,57236,ae25201c7d1a921dc4b15d43bd896eb77fe0ba7bc6837e67a92aa99de3ff1e32,ee5e123f63bf69ec10e51861355141664e7aa3d1,data/captures/access_probe/www_oracle_com.png,remote_reachable_blob,
data/captures/access_probe/www_pepsi_com 2.png,61437,6098b3ea32444dd1c6190118a8d1007f11260302423a1ecd973a1e8f4d80a4e5,2deae142474cb5fd7d878a8c07263ed81e2bbcb3,data/captures/access_probe/www_pepsi_com.png,remote_reachable_blob,
data/captures/access_probe/www_reddit_com 2.png,163055,bc52cbd05c3cf517a1eb2e8b7114cfc64d4e1eabfc64fe38df8fee55ba1df146,ae595a9b61ac6693d0a0f5d45969312da8cf35a2,data/captures/access_probe/www_reddit_com.png,remote_reachable_blob,
data/captures/access_probe/www_reuters_com 2.png,39662,a80bf029323976033cb8532568e10e1f1f0c6dab8db50d5d848d2e2752af69f1,74d7de9a98aa1d5ee6581fe754c80604a4add5ac,data/captures/access_probe/www_reuters_com.png,remote_reachable_blob,
data/captures/access_probe/www_salesforce_com 2.png,26798,ed1b20fb1bc54132bb3558d8defb4a3b54b57ede55406c0a5fbea74765ebb3d8,1914106458d888e4fac05591ce433f227ad0961e,data/captures/access_probe/www_salesforce_com.png,remote_reachable_blob,
data/captures/access_probe/www_spotify_com 2.png,642383,57c9168fcf7ae7709af2dc4ea0a59748aa99f18612059cbbdd98e23d7cc68a83,3f5004529e34ad232b927b0f6e98b9f47784c73e,data/captures/access_probe/www_spotify_com.png,remote_reachable_blob,
data/captures/access_probe/www_theguardian_com 2.png,139803,a408457277df27145c920fb137c767ea06e4c01f02d56b8fdfb39f87d9df238e,87242457e1e0a6e2b0f81d8e673606691370d806,data/captures/access_probe/www_theguardian_com.png,remote_reachable_blob,
data/captures/access_probe/www_tripadvisor_com 2.png,45507,b2f6405b9e1ab6d5acfcf88a3a92e7b2a0ab9ec7efd58a8e178d397ed582014a,4849d5af7ac56b8ba017efd087f9f5b8722d06fb,data/captures/access_probe/www_tripadvisor_com.png,remote_reachable_blob,
data/captures/access_probe/www_usatoday_com 2.png,144942,f937539a56fbac83c516f74740ebd9996d33d93b7e25a0d8ba3fc8f5fe31a393,75bc905b7b5928dcdd34a85c2620376cd55beebd,data/captures/access_probe/www_usatoday_com.png,remote_reachable_blob,
data/captures/access_probe/www_walmart_com 2.png,387326,47a27afedcb1d052dd7b27f737e2490ce40fa6cca2c483205ee23c8ba456d212,3dfbf64d2e7b3bfcc75e4c18094143ddb47242b5,data/captures/access_probe/www_walmart_com.png,remote_reachable_blob,
data/captures/access_probe/www_webmd_com 2.png,254249,fc94ab899112134ffd212ad7c524582a546151252620145b948fe78f992497bf,b06e0083b3f0441a5ee0ab4bc46bf52ae8c6deea,data/captures/access_probe/www_webmd_com.png,remote_reachable_blob,
data/captures/access_probe/www_wikipedia_org 2.png,162361,a769d45af303379444f4479011b5745911f581d5b349f65843ef18e8466a44fc,c9f9fc3614ff0694549672a69dc910db5500d689,data/captures/access_probe/www_wikipedia_org.png,remote_reachable_blob,
data/captures/sites/127_0_0_1_49216_20260529_214533/layer1 2.png,14964,2cb3f9ce7b40d9568965477932f840bc7221b264539d6c49fef5448fda7c14eb,f0f6446059a83768d1270acdd89bc589fb8b8052,data/captures/sites/127_0_0_1_49216_20260529_214533/layer1.png,remote_reachable_blob,
data/captures/sites/127_0_0_1_49226_20260529_162100/layer1 2.png,14964,2cb3f9ce7b40d9568965477932f840bc7221b264539d6c49fef5448fda7c14eb,f0f6446059a83768d1270acdd89bc589fb8b8052,data/captures/sites/127_0_0_1_49226_20260529_162100/layer1.png,remote_reachable_blob,
data/captures/sites/127_0_0_1_49248_20260529_214540/layer1 2.png,21656,0e3135b10345c38c6abed388356c436e6d706843bfdf0dbd347218d812658d65,a5e6e40d48dc6a8bb2b1092b58fd66f9a10e0e70,data/captures/sites/127_0_0_1_49248_20260529_214540/layer1.png,remote_reachable_blob,
data/captures/sites/127_0_0_1_49267_20260529_162107/layer1 2.png,21656,0e3135b10345c38c6abed388356c436e6d706843bfdf0dbd347218d812658d65,a5e6e40d48dc6a8bb2b1092b58fd66f9a10e0e70,data/captures/sites/127_0_0_1_49267_20260529_162107/layer1.png,remote_reachable_blob,
data/captures/sites/127_0_0_1_49497_20260529_214849/layer1 2.png,14964,2cb3f9ce7b40d9568965477932f840bc7221b264539d6c49fef5448fda7c14eb,f0f6446059a83768d1270acdd89bc589fb8b8052,data/captures/sites/127_0_0_1_49497_20260529_214849/layer1.png,remote_reachable_blob,
data/captures/sites/127_0_0_1_49531_20260529_214857/layer1 2.png,21656,0e3135b10345c38c6abed388356c436e6d706843bfdf0dbd347218d812658d65,a5e6e40d48dc6a8bb2b1092b58fd66f9a10e0e70,data/captures/sites/127_0_0_1_49531_20260529_214857/layer1.png,remote_reachable_blob,
data/captures/sites/127_0_0_1_49578_20260529_162529/layer1 2.png,14964,2cb3f9ce7b40d9568965477932f840bc7221b264539d6c49fef5448fda7c14eb,f0f6446059a83768d1270acdd89bc589fb8b8052,data/captures/sites/127_0_0_1_49578_20260529_162529/layer1.png,remote_reachable_blob,
data/captures/sites/127_0_0_1_49617_20260529_162536/layer1 2.png,21656,0e3135b10345c38c6abed388356c436e6d706843bfdf0dbd347218d812658d65,a5e6e40d48dc6a8bb2b1092b58fd66f9a10e0e70,data/captures/sites/127_0_0_1_49617_20260529_162536/layer1.png,remote_reachable_blob,
data/captures/sites/127_0_0_1_49910_20260529_215314/layer1 2.png,14964,2cb3f9ce7b40d9568965477932f840bc7221b264539d6c49fef5448fda7c14eb,f0f6446059a83768d1270acdd89bc589fb8b8052,data/captures/sites/127_0_0_1_49910_20260529_215314/layer1.png,remote_reachable_blob,
data/captures/sites/127_0_0_1_49934_20260529_215321/layer1 2.png,21656,0e3135b10345c38c6abed388356c436e6d706843bfdf0dbd347218d812658d65,a5e6e40d48dc6a8bb2b1092b58fd66f9a10e0e70,data/captures/sites/127_0_0_1_49934_20260529_215321/layer1.png,remote_reachable_blob,
data/captures/sites/127_0_0_1_50172_20260529_163151/layer1 2.png,14964,2cb3f9ce7b40d9568965477932f840bc7221b264539d6c49fef5448fda7c14eb,f0f6446059a83768d1270acdd89bc589fb8b8052,data/captures/sites/127_0_0_1_50172_20260529_163151/layer1.png,remote_reachable_blob,
data/captures/sites/127_0_0_1_50210_20260529_163158/layer1 2.png,21656,0e3135b10345c38c6abed388356c436e6d706843bfdf0dbd347218d812658d65,a5e6e40d48dc6a8bb2b1092b58fd66f9a10e0e70,data/captures/sites/127_0_0_1_50210_20260529_163158/layer1.png,remote_reachable_blob,
data/captures/sites/127_0_0_1_50271_20260529_163225/layer1 2.png,14964,2cb3f9ce7b40d9568965477932f840bc7221b264539d6c49fef5448fda7c14eb,f0f6446059a83768d1270acdd89bc589fb8b8052,data/captures/sites/127_0_0_1_50271_20260529_163225/layer1.png,remote_reachable_blob,
data/captures/sites/127_0_0_1_50294_20260529_215749/layer1 2.png,14964,2cb3f9ce7b40d9568965477932f840bc7221b264539d6c49fef5448fda7c14eb,f0f6446059a83768d1270acdd89bc589fb8b8052,data/captures/sites/127_0_0_1_50294_20260529_215749/layer1.png,remote_reachable_blob,
data/captures/sites/127_0_0_1_50305_20260529_163232/layer1 2.png,21656,0e3135b10345c38c6abed388356c436e6d706843bfdf0dbd347218d812658d65,a5e6e40d48dc6a8bb2b1092b58fd66f9a10e0e70,data/captures/sites/127_0_0_1_50305_20260529_163232/layer1.png,remote_reachable_blob,
data/captures/sites/127_0_0_1_50327_20260529_215757/layer1 2.png,21656,0e3135b10345c38c6abed388356c436e6d706843bfdf0dbd347218d812658d65,a5e6e40d48dc6a8bb2b1092b58fd66f9a10e0e70,data/captures/sites/127_0_0_1_50327_20260529_215757/layer1.png,remote_reachable_blob,
data/captures/sites/127_0_0_1_50361_20260529_163312/layer1 2.png,14964,2cb3f9ce7b40d9568965477932f840bc7221b264539d6c49fef5448fda7c14eb,f0f6446059a83768d1270acdd89bc589fb8b8052,data/captures/sites/127_0_0_1_50361_20260529_163312/layer1.png,remote_reachable_blob,
data/captures/sites/127_0_0_1_50387_20260529_163319/layer1 2.png,21656,0e3135b10345c38c6abed388356c436e6d706843bfdf0dbd347218d812658d65,a5e6e40d48dc6a8bb2b1092b58fd66f9a10e0e70,data/captures/sites/127_0_0_1_50387_20260529_163319/layer1.png,remote_reachable_blob,
data/captures/sites/127_0_0_1_50628_20260529_220202/layer1 2.png,14964,2cb3f9ce7b40d9568965477932f840bc7221b264539d6c49fef5448fda7c14eb,f0f6446059a83768d1270acdd89bc589fb8b8052,data/captures/sites/127_0_0_1_50628_20260529_220202/layer1.png,remote_reachable_blob,
data/captures/sites/127_0_0_1_50661_20260529_220210/layer1 2.png,21656,0e3135b10345c38c6abed388356c436e6d706843bfdf0dbd347218d812658d65,a5e6e40d48dc6a8bb2b1092b58fd66f9a10e0e70,data/captures/sites/127_0_0_1_50661_20260529_220210/layer1.png,remote_reachable_blob,
data/captures/sites/127_0_0_1_50819_20260529_163744/layer1 2.png,14964,2cb3f9ce7b40d9568965477932f840bc7221b264539d6c49fef5448fda7c14eb,f0f6446059a83768d1270acdd89bc589fb8b8052,data/captures/sites/127_0_0_1_50819_20260529_163744/layer1.png,remote_reachable_blob,
data/captures/sites/127_0_0_1_50858_20260529_163752/layer1 2.png,21656,0e3135b10345c38c6abed388356c436e6d706843bfdf0dbd347218d812658d65,a5e6e40d48dc6a8bb2b1092b58fd66f9a10e0e70,data/captures/sites/127_0_0_1_50858_20260529_163752/layer1.png,remote_reachable_blob,
data/captures/sites/127_0_0_1_50910_20260529_163830/layer1 2.png,14964,2cb3f9ce7b40d9568965477932f840bc7221b264539d6c49fef5448fda7c14eb,f0f6446059a83768d1270acdd89bc589fb8b8052,data/captures/sites/127_0_0_1_50910_20260529_163830/layer1.png,remote_reachable_blob,
data/captures/sites/127_0_0_1_50915_20260529_220555/layer1 2.png,14964,2cb3f9ce7b40d9568965477932f840bc7221b264539d6c49fef5448fda7c14eb,f0f6446059a83768d1270acdd89bc589fb8b8052,data/captures/sites/127_0_0_1_50915_20260529_220555/layer1.png,remote_reachable_blob,
data/captures/sites/127_0_0_1_50936_20260529_163837/layer1 2.png,21656,0e3135b10345c38c6abed388356c436e6d706843bfdf0dbd347218d812658d65,a5e6e40d48dc6a8bb2b1092b58fd66f9a10e0e70,data/captures/sites/127_0_0_1_50936_20260529_163837/layer1.png,remote_reachable_blob,
data/captures/sites/127_0_0_1_50946_20260529_220602/layer1 2.png,21656,0e3135b10345c38c6abed388356c436e6d706843bfdf0dbd347218d812658d65,a5e6e40d48dc6a8bb2b1092b58fd66f9a10e0e70,data/captures/sites/127_0_0_1_50946_20260529_220602/layer1.png,remote_reachable_blob,
data/captures/sites/127_0_0_1_51090_20260529_220756/layer1 2.png,14964,2cb3f9ce7b40d9568965477932f840bc7221b264539d6c49fef5448fda7c14eb,f0f6446059a83768d1270acdd89bc589fb8b8052,data/captures/sites/127_0_0_1_51090_20260529_220756/layer1.png,remote_reachable_blob,
data/captures/sites/127_0_0_1_51119_20260529_220804/layer1 2.png,21656,0e3135b10345c38c6abed388356c436e6d706843bfdf0dbd347218d812658d65,a5e6e40d48dc6a8bb2b1092b58fd66f9a10e0e70,data/captures/sites/127_0_0_1_51119_20260529_220804/layer1.png,remote_reachable_blob,
data/captures/sites/127_0_0_1_51284_20260529_164246/layer1 2.png,14964,2cb3f9ce7b40d9568965477932f840bc7221b264539d6c49fef5448fda7c14eb,f0f6446059a83768d1270acdd89bc589fb8b8052,data/captures/sites/127_0_0_1_51284_20260529_164246/layer1.png,remote_reachable_blob,
data/captures/sites/127_0_0_1_51319_20260529_164253/layer1 2.png,21656,0e3135b10345c38c6abed388356c436e6d706843bfdf0dbd347218d812658d65,a5e6e40d48dc6a8bb2b1092b58fd66f9a10e0e70,data/captures/sites/127_0_0_1_51319_20260529_164253/layer1.png,remote_reachable_blob,
data/captures/sites/127_0_0_1_51365_20260529_164330/layer1 2.png,14964,2cb3f9ce7b40d9568965477932f840bc7221b264539d6c49fef5448fda7c14eb,f0f6446059a83768d1270acdd89bc589fb8b8052,data/captures/sites/127_0_0_1_51365_20260529_164330/layer1.png,remote_reachable_blob,
data/captures/sites/127_0_0_1_51385_20260529_221156/layer1 2.png,14964,2cb3f9ce7b40d9568965477932f840bc7221b264539d6c49fef5448fda7c14eb,f0f6446059a83768d1270acdd89bc589fb8b8052,data/captures/sites/127_0_0_1_51385_20260529_221156/layer1.png,remote_reachable_blob,
data/captures/sites/127_0_0_1_51397_20260529_164337/layer1 2.png,21656,0e3135b10345c38c6abed388356c436e6d706843bfdf0dbd347218d812658d65,a5e6e40d48dc6a8bb2b1092b58fd66f9a10e0e70,data/captures/sites/127_0_0_1_51397_20260529_164337/layer1.png,remote_reachable_blob,
data/captures/sites/127_0_0_1_51420_20260529_221204/layer1 2.png,21656,0e3135b10345c38c6abed388356c436e6d706843bfdf0dbd347218d812658d65,a5e6e40d48dc6a8bb2b1092b58fd66f9a10e0e70,data/captures/sites/127_0_0_1_51420_20260529_221204/layer1.png,remote_reachable_blob,
data/captures/sites/127_0_0_1_51537_20260529_221315/layer1 2.png,14964,2cb3f9ce7b40d9568965477932f840bc7221b264539d6c49fef5448fda7c14eb,f0f6446059a83768d1270acdd89bc589fb8b8052,data/captures/sites/127_0_0_1_51537_20260529_221315/layer1.png,remote_reachable_blob,
data/captures/sites/127_0_0_1_51566_20260529_221322/layer1 2.png,21656,0e3135b10345c38c6abed388356c436e6d706843bfdf0dbd347218d812658d65,a5e6e40d48dc6a8bb2b1092b58fd66f9a10e0e70,data/captures/sites/127_0_0_1_51566_20260529_221322/layer1.png,remote_reachable_blob,
data/captures/sites/127_0_0_1_51747_20260529_164842/layer1 2.png,14964,2cb3f9ce7b40d9568965477932f840bc7221b264539d6c49fef5448fda7c14eb,f0f6446059a83768d1270acdd89bc589fb8b8052,data/captures/sites/127_0_0_1_51747_20260529_164842/layer1.png,remote_reachable_blob,
data/captures/sites/127_0_0_1_51782_20260529_164849/layer1 2.png,21656,0e3135b10345c38c6abed388356c436e6d706843bfdf0dbd347218d812658d65,a5e6e40d48dc6a8bb2b1092b58fd66f9a10e0e70,data/captures/sites/127_0_0_1_51782_20260529_164849/layer1.png,remote_reachable_blob,
data/captures/sites/127_0_0_1_51784_20260529_221647/layer1 2.png,14964,2cb3f9ce7b40d9568965477932f840bc7221b264539d6c49fef5448fda7c14eb,f0f6446059a83768d1270acdd89bc589fb8b8052,data/captures/sites/127_0_0_1_51784_20260529_221647/layer1.png,remote_reachable_blob,
data/captures/sites/127_0_0_1_51818_20260529_221654/layer1 2.png,21656,0e3135b10345c38c6abed388356c436e6d706843bfdf0dbd347218d812658d65,a5e6e40d48dc6a8bb2b1092b58fd66f9a10e0e70,data/captures/sites/127_0_0_1_51818_20260529_221654/layer1.png,remote_reachable_blob,
data/captures/sites/127_0_0_1_51827_20260529_164923/layer1 2.png,14964,2cb3f9ce7b40d9568965477932f840bc7221b264539d6c49fef5448fda7c14eb,f0f6446059a83768d1270acdd89bc589fb8b8052,data/captures/sites/127_0_0_1_51827_20260529_164923/layer1.png,remote_reachable_blob,
data/captures/sites/127_0_0_1_51852_20260529_164930/layer1 2.png,21656,0e3135b10345c38c6abed388356c436e6d706843bfdf0dbd347218d812658d65,a5e6e40d48dc6a8bb2b1092b58fd66f9a10e0e70,data/captures/sites/127_0_0_1_51852_20260529_164930/layer1.png,remote_reachable_blob,
data/captures/sites/127_0_0_1_51905_20260529_221803/layer1 2.png,14964,2cb3f9ce7b40d9568965477932f840bc7221b264539d6c49fef5448fda7c14eb,f0f6446059a83768d1270acdd89bc589fb8b8052,data/captures/sites/127_0_0_1_51905_20260529_221803/layer1.png,remote_reachable_blob,
data/captures/sites/127_0_0_1_51933_20260529_221810/layer1 2.png,21656,0e3135b10345c38c6abed388356c436e6d706843bfdf0dbd347218d812658d65,a5e6e40d48dc6a8bb2b1092b58fd66f9a10e0e70,data/captures/sites/127_0_0_1_51933_20260529_221810/layer1.png,remote_reachable_blob,
data/captures/sites/127_0_0_1_52187_20260529_165414/layer1 2.png,14964,2cb3f9ce7b40d9568965477932f840bc7221b264539d6c49fef5448fda7c14eb,f0f6446059a83768d1270acdd89bc589fb8b8052,data/captures/sites/127_0_0_1_52187_20260529_165414/layer1.png,remote_reachable_blob,
data/captures/sites/127_0_0_1_52228_20260529_191031/layer1 2.png,14964,2cb3f9ce7b40d9568965477932f840bc7221b264539d6c49fef5448fda7c14eb,f0f6446059a83768d1270acdd89bc589fb8b8052,data/captures/sites/127_0_0_1_52228_20260529_191031/layer1.png,remote_reachable_blob,
data/captures/sites/127_0_0_1_52234_20260529_165422/layer1 2.png,21656,0e3135b10345c38c6abed388356c436e6d706843bfdf0dbd347218d812658d65,a5e6e40d48dc6a8bb2b1092b58fd66f9a10e0e70,data/captures/sites/127_0_0_1_52234_20260529_165422/layer1.png,remote_reachable_blob,
data/captures/sites/127_0_0_1_52262_20260529_191038/layer1 2.png,21656,0e3135b10345c38c6abed388356c436e6d706843bfdf0dbd347218d812658d65,a5e6e40d48dc6a8bb2b1092b58fd66f9a10e0e70,data/captures/sites/127_0_0_1_52262_20260529_191038/layer1.png,remote_reachable_blob,
data/captures/sites/127_0_0_1_52262_20260529_222329/layer1 2.png,14964,2cb3f9ce7b40d9568965477932f840bc7221b264539d6c49fef5448fda7c14eb,f0f6446059a83768d1270acdd89bc589fb8b8052,data/captures/sites/127_0_0_1_52262_20260529_222329/layer1.png,remote_reachable_blob,
data/captures/sites/127_0_0_1_52274_20260529_165453/layer1 2.png,14964,2cb3f9ce7b40d9568965477932f840bc7221b264539d6c49fef5448fda7c14eb,f0f6446059a83768d1270acdd89bc589fb8b8052,data/captures/sites/127_0_0_1_52274_20260529_165453/layer1.png,remote_reachable_blob,
data/captures/sites/127_0_0_1_52294_20260529_222337/layer1 2.png,21656,0e3135b10345c38c6abed388356c436e6d706843bfdf0dbd347218d812658d65,a5e6e40d48dc6a8bb2b1092b58fd66f9a10e0e70,data/captures/sites/127_0_0_1_52294_20260529_222337/layer1.png,remote_reachable_blob,
data/captures/sites/127_0_0_1_52300_20260529_165500/layer1 2.png,21656,0e3135b10345c38c6abed388356c436e6d706843bfdf0dbd347218d812658d65,a5e6e40d48dc6a8bb2b1092b58fd66f9a10e0e70,data/captures/sites/127_0_0_1_52300_20260529_165500/layer1.png,remote_reachable_blob,
data/captures/sites/127_0_0_1_52304_20260529_191112/layer1 2.png,14964,2cb3f9ce7b40d9568965477932f840bc7221b264539d6c49fef5448fda7c14eb,f0f6446059a83768d1270acdd89bc589fb8b8052,data/captures/sites/127_0_0_1_52304_20260529_191112/layer1.png,remote_reachable_blob,
data/captures/sites/127_0_0_1_52329_20260529_191120/layer1 2.png,21656,0e3135b10345c38c6abed388356c436e6d706843bfdf0dbd347218d812658d65,a5e6e40d48dc6a8bb2b1092b58fd66f9a10e0e70,data/captures/sites/127_0_0_1_52329_20260529_191120/layer1.png,remote_reachable_blob,
data/captures/sites/127_0_0_1_52460_20260529_191253/layer1 2.png,14964,2cb3f9ce7b40d9568965477932f840bc7221b264539d6c49fef5448fda7c14eb,f0f6446059a83768d1270acdd89bc589fb8b8052,data/captures/sites/127_0_0_1_52460_20260529_191253/layer1.png,remote_reachable_blob,
data/captures/sites/127_0_0_1_52473_20260529_191300/layer1 2.png,21656,0e3135b10345c38c6abed388356c436e6d706843bfdf0dbd347218d812658d65,a5e6e40d48dc6a8bb2b1092b58fd66f9a10e0e70,data/captures/sites/127_0_0_1_52473_20260529_191300/layer1.png,remote_reachable_blob,
data/captures/sites/127_0_0_1_52563_20260529_222634/layer1 2.png,14964,2cb3f9ce7b40d9568965477932f840bc7221b264539d6c49fef5448fda7c14eb,f0f6446059a83768d1270acdd89bc589fb8b8052,data/captures/sites/127_0_0_1_52563_20260529_222634/layer1.png,remote_reachable_blob,
data/captures/sites/127_0_0_1_52591_20260529_222642/layer1 2.png,21656,0e3135b10345c38c6abed388356c436e6d706843bfdf0dbd347218d812658d65,a5e6e40d48dc6a8bb2b1092b58fd66f9a10e0e70,data/captures/sites/127_0_0_1_52591_20260529_222642/layer1.png,remote_reachable_blob,
data/captures/sites/127_0_0_1_52970_20260529_170146/layer1 2.png,14964,2cb3f9ce7b40d9568965477932f840bc7221b264539d6c49fef5448fda7c14eb,f0f6446059a83768d1270acdd89bc589fb8b8052,data/captures/sites/127_0_0_1_52970_20260529_170146/layer1.png,remote_reachable_blob,
data/captures/sites/127_0_0_1_53013_20260529_170153/layer1 2.png,21656,0e3135b10345c38c6abed388356c436e6d706843bfdf0dbd347218d812658d65,a5e6e40d48dc6a8bb2b1092b58fd66f9a10e0e70,data/captures/sites/127_0_0_1_53013_20260529_170153/layer1.png,remote_reachable_blob,
data/captures/sites/127_0_0_1_53068_20260529_170229/layer1 2.png,14964,2cb3f9ce7b40d9568965477932f840bc7221b264539d6c49fef5448fda7c14eb,f0f6446059a83768d1270acdd89bc589fb8b8052,data/captures/sites/127_0_0_1_53068_20260529_170229/layer1.png,remote_reachable_blob,
data/captures/sites/127_0_0_1_53086_20260529_223411/layer1 2.png,14964,2cb3f9ce7b40d9568965477932f840bc7221b264539d6c49fef5448fda7c14eb,f0f6446059a83768d1270acdd89bc589fb8b8052,data/captures/sites/127_0_0_1_53086_20260529_223411/layer1.png,remote_reachable_blob,
data/captures/sites/127_0_0_1_53093_20260529_170237/layer1 2.png,21656,0e3135b10345c38c6abed388356c436e6d706843bfdf0dbd347218d812658d65,a5e6e40d48dc6a8bb2b1092b58fd66f9a10e0e70,data/captures/sites/127_0_0_1_53093_20260529_170237/layer1.png,remote_reachable_blob,
data/captures/sites/127_0_0_1_53121_20260529_223418/layer1 2.png,21656,0e3135b10345c38c6abed388356c436e6d706843bfdf0dbd347218d812658d65,a5e6e40d48dc6a8bb2b1092b58fd66f9a10e0e70,data/captures/sites/127_0_0_1_53121_20260529_223418/layer1.png,remote_reachable_blob,
data/captures/sites/127_0_0_1_53432_20260529_170847/layer1 2.png,14964,2cb3f9ce7b40d9568965477932f840bc7221b264539d6c49fef5448fda7c14eb,f0f6446059a83768d1270acdd89bc589fb8b8052,data/captures/sites/127_0_0_1_53432_20260529_170847/layer1.png,remote_reachable_blob,
data/captures/sites/127_0_0_1_53446_20260529_223818/layer1 2.png,14964,2cb3f9ce7b40d9568965477932f840bc7221b264539d6c49fef5448fda7c14eb,f0f6446059a83768d1270acdd89bc589fb8b8052,data/captures/sites/127_0_0_1_53446_20260529_223818/layer1.png,remote_reachable_blob,
data/captures/sites/127_0_0_1_53468_20260529_170854/layer1 2.png,21656,0e3135b10345c38c6abed388356c436e6d706843bfdf0dbd347218d812658d65,a5e6e40d48dc6a8bb2b1092b58fd66f9a10e0e70,data/captures/sites/127_0_0_1_53468_20260529_170854/layer1.png,remote_reachable_blob,
data/captures/sites/127_0_0_1_53481_20260529_223825/layer1 2.png,21656,0e3135b10345c38c6abed388356c436e6d706843bfdf0dbd347218d812658d65,a5e6e40d48dc6a8bb2b1092b58fd66f9a10e0e70,data/captures/sites/127_0_0_1_53481_20260529_223825/layer1.png,remote_reachable_blob,
data/captures/sites/127_0_0_1_53524_20260529_170938/layer1 2.png,14964,2cb3f9ce7b40d9568965477932f840bc7221b264539d6c49fef5448fda7c14eb,f0f6446059a83768d1270acdd89bc589fb8b8052,data/captures/sites/127_0_0_1_53524_20260529_170938/layer1.png,remote_reachable_blob,
data/captures/sites/127_0_0_1_53555_20260529_170945/layer1 2.png,21656,0e3135b10345c38c6abed388356c436e6d706843bfdf0dbd347218d812658d65,a5e6e40d48dc6a8bb2b1092b58fd66f9a10e0e70,data/captures/sites/127_0_0_1_53555_20260529_170945/layer1.png,remote_reachable_blob,
data/captures/sites/127_0_0_1_53869_20260529_224421/layer1 2.png,14964,2cb3f9ce7b40d9568965477932f840bc7221b264539d6c49fef5448fda7c14eb,f0f6446059a83768d1270acdd89bc589fb8b8052,data/captures/sites/127_0_0_1_53869_20260529_224421/layer1.png,remote_reachable_blob,
data/captures/sites/127_0_0_1_53887_20260529_224429/layer1 2.png,21656,0e3135b10345c38c6abed388356c436e6d706843bfdf0dbd347218d812658d65,a5e6e40d48dc6a8bb2b1092b58fd66f9a10e0e70,data/captures/sites/127_0_0_1_53887_20260529_224429/layer1.png,remote_reachable_blob,
data/captures/sites/127_0_0_1_54093_20260529_171612/layer1 2.png,14964,2cb3f9ce7b40d9568965477932f840bc7221b264539d6c49fef5448fda7c14eb,f0f6446059a83768d1270acdd89bc589fb8b8052,data/captures/sites/127_0_0_1_54093_20260529_171612/layer1.png,remote_reachable_blob,
data/captures/sites/127_0_0_1_54140_20260529_171620/layer1 2.png,21656,0e3135b10345c38c6abed388356c436e6d706843bfdf0dbd347218d812658d65,a5e6e40d48dc6a8bb2b1092b58fd66f9a10e0e70,data/captures/sites/127_0_0_1_54140_20260529_171620/layer1.png,remote_reachable_blob,
data/captures/sites/127_0_0_1_54183_20260529_171655/layer1 2.png,14964,2cb3f9ce7b40d9568965477932f840bc7221b264539d6c49fef5448fda7c14eb,f0f6446059a83768d1270acdd89bc589fb8b8052,data/captures/sites/127_0_0_1_54183_20260529_171655/layer1.png,remote_reachable_blob,
data/captures/sites/127_0_0_1_54209_20260529_224903/layer1 2.png,14964,2cb3f9ce7b40d9568965477932f840bc7221b264539d6c49fef5448fda7c14eb,f0f6446059a83768d1270acdd89bc589fb8b8052,data/captures/sites/127_0_0_1_54209_20260529_224903/layer1.png,remote_reachable_blob,
data/captures/sites/127_0_0_1_54210_20260529_171703/layer1 2.png,21656,0e3135b10345c38c6abed388356c436e6d706843bfdf0dbd347218d812658d65,a5e6e40d48dc6a8bb2b1092b58fd66f9a10e0e70,data/captures/sites/127_0_0_1_54210_20260529_171703/layer1.png,remote_reachable_blob,
data/captures/sites/127_0_0_1_54222_20260529_224911/layer1 2.png,21656,0e3135b10345c38c6abed388356c436e6d706843bfdf0dbd347218d812658d65,a5e6e40d48dc6a8bb2b1092b58fd66f9a10e0e70,data/captures/sites/127_0_0_1_54222_20260529_224911/layer1.png,remote_reachable_blob,
data/captures/sites/127_0_0_1_54284_20260529_171811/layer1 2.png,14964,2cb3f9ce7b40d9568965477932f840bc7221b264539d6c49fef5448fda7c14eb,f0f6446059a83768d1270acdd89bc589fb8b8052,data/captures/sites/127_0_0_1_54284_20260529_171811/layer1.png,remote_reachable_blob,
data/captures/sites/127_0_0_1_54309_20260529_171818/layer1 2.png,21656,0e3135b10345c38c6abed388356c436e6d706843bfdf0dbd347218d812658d65,a5e6e40d48dc6a8bb2b1092b58fd66f9a10e0e70,data/captures/sites/127_0_0_1_54309_20260529_171818/layer1.png,remote_reachable_blob,
data/captures/sites/127_0_0_1_54341_20260529_192511/layer1 2.png,14964,2cb3f9ce7b40d9568965477932f840bc7221b264539d6c49fef5448fda7c14eb,f0f6446059a83768d1270acdd89bc589fb8b8052,data/captures/sites/127_0_0_1_54341_20260529_192511/layer1.png,remote_reachable_blob,
data/captures/sites/127_0_0_1_54355_20260529_192518/layer1 2.png,21656,0e3135b10345c38c6abed388356c436e6d706843bfdf0dbd347218d812658d65,a5e6e40d48dc6a8bb2b1092b58fd66f9a10e0e70,data/captures/sites/127_0_0_1_54355_20260529_192518/layer1.png,remote_reachable_blob,
data/captures/sites/127_0_0_1_54605_20260529_172245/layer1 2.png,14964,2cb3f9ce7b40d9568965477932f840bc7221b264539d6c49fef5448fda7c14eb,f0f6446059a83768d1270acdd89bc589fb8b8052,data/captures/sites/127_0_0_1_54605_20260529_172245/layer1.png,remote_reachable_blob,
data/captures/sites/127_0_0_1_54640_20260529_172253/layer1 2.png,21656,0e3135b10345c38c6abed388356c436e6d706843bfdf0dbd347218d812658d65,a5e6e40d48dc6a8bb2b1092b58fd66f9a10e0e70,data/captures/sites/127_0_0_1_54640_20260529_172253/layer1.png,remote_reachable_blob,
data/captures/sites/127_0_0_1_54682_20260529_172327/layer1 2.png,14964,2cb3f9ce7b40d9568965477932f840bc7221b264539d6c49fef5448fda7c14eb,f0f6446059a83768d1270acdd89bc589fb8b8052,data/captures/sites/127_0_0_1_54682_20260529_172327/layer1.png,remote_reachable_blob,
data/captures/sites/127_0_0_1_54711_20260529_172334/layer1 2.png,21656,0e3135b10345c38c6abed388356c436e6d706843bfdf0dbd347218d812658d65,a5e6e40d48dc6a8bb2b1092b58fd66f9a10e0e70,data/captures/sites/127_0_0_1_54711_20260529_172334/layer1.png,remote_reachable_blob,
data/captures/sites/127_0_0_1_54902_20260529_193221/layer1 2.png,14964,2cb3f9ce7b40d9568965477932f840bc7221b264539d6c49fef5448fda7c14eb,f0f6446059a83768d1270acdd89bc589fb8b8052,data/captures/sites/127_0_0_1_54902_20260529_193221/layer1.png,remote_reachable_blob,
data/captures/sites/127_0_0_1_54915_20260529_193228/layer1 2.png,21656,0e3135b10345c38c6abed388356c436e6d706843bfdf0dbd347218d812658d65,a5e6e40d48dc6a8bb2b1092b58fd66f9a10e0e70,data/captures/sites/127_0_0_1_54915_20260529_193228/layer1.png,remote_reachable_blob,
data/captures/sites/127_0_0_1_54998_20260529_193300/layer1 2.png,14964,2cb3f9ce7b40d9568965477932f840bc7221b264539d6c49fef5448fda7c14eb,f0f6446059a83768d1270acdd89bc589fb8b8052,data/captures/sites/127_0_0_1_54998_20260529_193300/layer1.png,remote_reachable_blob,
data/captures/sites/127_0_0_1_55023_20260529_225802/layer1 2.png,14964,2cb3f9ce7b40d9568965477932f840bc7221b264539d6c49fef5448fda7c14eb,f0f6446059a83768d1270acdd89bc589fb8b8052,data/captures/sites/127_0_0_1_55023_20260529_225802/layer1.png,remote_reachable_blob,
data/captures/sites/127_0_0_1_55027_20260529_193307/layer1 2.png,21656,0e3135b10345c38c6abed388356c436e6d706843bfdf0dbd347218d812658d65,a5e6e40d48dc6a8bb2b1092b58fd66f9a10e0e70,data/captures/sites/127_0_0_1_55027_20260529_193307/layer1.png,remote_reachable_blob,
data/captures/sites/127_0_0_1_55037_20260529_225809/layer1 2.png,21656,0e3135b10345c38c6abed388356c436e6d706843bfdf0dbd347218d812658d65,a5e6e40d48dc6a8bb2b1092b58fd66f9a10e0e70,data/captures/sites/127_0_0_1_55037_20260529_225809/layer1.png,remote_reachable_blob,
data/captures/sites/127_0_0_1_55142_20260529_172803/layer1 2.png,14964,2cb3f9ce7b40d9568965477932f840bc7221b264539d6c49fef5448fda7c14eb,f0f6446059a83768d1270acdd89bc589fb8b8052,data/captures/sites/127_0_0_1_55142_20260529_172803/layer1.png,remote_reachable_blob,
data/captures/sites/127_0_0_1_55180_20260529_172810/layer1 2.png,21656,0e3135b10345c38c6abed388356c436e6d706843bfdf0dbd347218d812658d65,a5e6e40d48dc6a8bb2b1092b58fd66f9a10e0e70,data/captures/sites/127_0_0_1_55180_20260529_172810/layer1.png,remote_reachable_blob,
data/captures/sites/127_0_0_1_55223_20260529_172853/layer1 2.png,14964,2cb3f9ce7b40d9568965477932f840bc7221b264539d6c49fef5448fda7c14eb,f0f6446059a83768d1270acdd89bc589fb8b8052,data/captures/sites/127_0_0_1_55223_20260529_172853/layer1.png,remote_reachable_blob,
data/captures/sites/127_0_0_1_55248_20260529_172901/layer1 2.png,21656,0e3135b10345c38c6abed388356c436e6d706843bfdf0dbd347218d812658d65,a5e6e40d48dc6a8bb2b1092b58fd66f9a10e0e70,data/captures/sites/127_0_0_1_55248_20260529_172901/layer1.png,remote_reachable_blob,
data/captures/sites/127_0_0_1_55578_20260529_230629/layer1 2.png,14964,2cb3f9ce7b40d9568965477932f840bc7221b264539d6c49fef5448fda7c14eb,f0f6446059a83768d1270acdd89bc589fb8b8052,data/captures/sites/127_0_0_1_55578_20260529_230629/layer1.png,remote_reachable_blob,
data/captures/sites/127_0_0_1_55597_20260529_230636/layer1 2.png,21656,0e3135b10345c38c6abed388356c436e6d706843bfdf0dbd347218d812658d65,a5e6e40d48dc6a8bb2b1092b58fd66f9a10e0e70,data/captures/sites/127_0_0_1_55597_20260529_230636/layer1.png,remote_reachable_blob,
data/captures/sites/127_0_0_1_55642_20260603_064228/layer1 2.png,14964,2cb3f9ce7b40d9568965477932f840bc7221b264539d6c49fef5448fda7c14eb,f0f6446059a83768d1270acdd89bc589fb8b8052,data/captures/sites/127_0_0_1_55642_20260603_064228/layer1.png,remote_reachable_blob,
data/captures/sites/127_0_0_1_55679_20260603_064236/layer1 2.png,21656,0e3135b10345c38c6abed388356c436e6d706843bfdf0dbd347218d812658d65,a5e6e40d48dc6a8bb2b1092b58fd66f9a10e0e70,data/captures/sites/127_0_0_1_55679_20260603_064236/layer1.png,remote_reachable_blob,
data/captures/sites/127_0_0_1_55743_20260529_230802/layer1 2.png,14964,2cb3f9ce7b40d9568965477932f840bc7221b264539d6c49fef5448fda7c14eb,f0f6446059a83768d1270acdd89bc589fb8b8052,data/captures/sites/127_0_0_1_55743_20260529_230802/layer1.png,remote_reachable_blob,
data/captures/sites/127_0_0_1_55757_20260529_230810/layer1 2.png,21656,0e3135b10345c38c6abed388356c436e6d706843bfdf0dbd347218d812658d65,a5e6e40d48dc6a8bb2b1092b58fd66f9a10e0e70,data/captures/sites/127_0_0_1_55757_20260529_230810/layer1.png,remote_reachable_blob,
data/captures/sites/127_0_0_1_56091_20260529_193932/layer1 2.png,14964,2cb3f9ce7b40d9568965477932f840bc7221b264539d6c49fef5448fda7c14eb,f0f6446059a83768d1270acdd89bc589fb8b8052,data/captures/sites/127_0_0_1_56091_20260529_193932/layer1.png,remote_reachable_blob,
data/captures/sites/127_0_0_1_56117_20260529_193940/layer1 2.png,21656,0e3135b10345c38c6abed388356c436e6d706843bfdf0dbd347218d812658d65,a5e6e40d48dc6a8bb2b1092b58fd66f9a10e0e70,data/captures/sites/127_0_0_1_56117_20260529_193940/layer1.png,remote_reachable_blob,
data/captures/sites/127_0_0_1_56595_20260529_231920/layer1 2.png,14964,2cb3f9ce7b40d9568965477932f840bc7221b264539d6c49fef5448fda7c14eb,f0f6446059a83768d1270acdd89bc589fb8b8052,data/captures/sites/127_0_0_1_56595_20260529_231920/layer1.png,remote_reachable_blob,
data/captures/sites/127_0_0_1_56609_20260529_231927/layer1 2.png,21656,0e3135b10345c38c6abed388356c436e6d706843bfdf0dbd347218d812658d65,a5e6e40d48dc6a8bb2b1092b58fd66f9a10e0e70,data/captures/sites/127_0_0_1_56609_20260529_231927/layer1.png,remote_reachable_blob,
data/captures/sites/127_0_0_1_56696_20260529_194927/layer1 2.png,14964,2cb3f9ce7b40d9568965477932f840bc7221b264539d6c49fef5448fda7c14eb,f0f6446059a83768d1270acdd89bc589fb8b8052,data/captures/sites/127_0_0_1_56696_20260529_194927/layer1.png,remote_reachable_blob,
data/captures/sites/127_0_0_1_56715_20260529_194935/layer1 2.png,21656,0e3135b10345c38c6abed388356c436e6d706843bfdf0dbd347218d812658d65,a5e6e40d48dc6a8bb2b1092b58fd66f9a10e0e70,data/captures/sites/127_0_0_1_56715_20260529_194935/layer1.png,remote_reachable_blob,
data/captures/sites/127_0_0_1_56804_20260529_195015/layer1 2.png,14964,2cb3f9ce7b40d9568965477932f840bc7221b264539d6c49fef5448fda7c14eb,f0f6446059a83768d1270acdd89bc589fb8b8052,data/captures/sites/127_0_0_1_56804_20260529_195015/layer1.png,remote_reachable_blob,
data/captures/sites/127_0_0_1_56827_20260529_195023/layer1 2.png,21656,0e3135b10345c38c6abed388356c436e6d706843bfdf0dbd347218d812658d65,a5e6e40d48dc6a8bb2b1092b58fd66f9a10e0e70,data/captures/sites/127_0_0_1_56827_20260529_195023/layer1.png,remote_reachable_blob,
data/captures/sites/127_0_0_1_56983_20260529_232356/layer1 2.png,14964,2cb3f9ce7b40d9568965477932f840bc7221b264539d6c49fef5448fda7c14eb,f0f6446059a83768d1270acdd89bc589fb8b8052,data/captures/sites/127_0_0_1_56983_20260529_232356/layer1.png,remote_reachable_blob,
data/captures/sites/127_0_0_1_56996_20260529_232403/layer1 2.png,21656,0e3135b10345c38c6abed388356c436e6d706843bfdf0dbd347218d812658d65,a5e6e40d48dc6a8bb2b1092b58fd66f9a10e0e70,data/captures/sites/127_0_0_1_56996_20260529_232403/layer1.png,remote_reachable_blob,
data/captures/sites/127_0_0_1_57000_20260529_153006/layer1 2.png,14964,2cb3f9ce7b40d9568965477932f840bc7221b264539d6c49fef5448fda7c14eb,f0f6446059a83768d1270acdd89bc589fb8b8052,data/captures/sites/127_0_0_1_57000_20260529_153006/layer1.png,remote_reachable_blob,
data/captures/sites/127_0_0_1_57066_20260529_153026/layer1 2.png,14964,2cb3f9ce7b40d9568965477932f840bc7221b264539d6c49fef5448fda7c14eb,f0f6446059a83768d1270acdd89bc589fb8b8052,data/captures/sites/127_0_0_1_57066_20260529_153026/layer1.png,remote_reachable_blob,
data/captures/sites/127_0_0_1_57163_20260529_173446/layer1 2.png,14964,2cb3f9ce7b40d9568965477932f840bc7221b264539d6c49fef5448fda7c14eb,f0f6446059a83768d1270acdd89bc589fb8b8052,data/captures/sites/127_0_0_1_57163_20260529_173446/layer1.png,remote_reachable_blob,
data/captures/sites/127_0_0_1_57195_20260529_173454/layer1 2.png,21656,0e3135b10345c38c6abed388356c436e6d706843bfdf0dbd347218d812658d65,a5e6e40d48dc6a8bb2b1092b58fd66f9a10e0e70,data/captures/sites/127_0_0_1_57195_20260529_173454/layer1.png,remote_reachable_blob,
data/captures/sites/127_0_0_1_57235_20260529_153253/layer1 2.png,14964,2cb3f9ce7b40d9568965477932f840bc7221b264539d6c49fef5448fda7c14eb,f0f6446059a83768d1270acdd89bc589fb8b8052,data/captures/sites/127_0_0_1_57235_20260529_153253/layer1.png,remote_reachable_blob,
data/captures/sites/127_0_0_1_57244_20260529_173533/layer1 2.png,14964,2cb3f9ce7b40d9568965477932f840bc7221b264539d6c49fef5448fda7c14eb,f0f6446059a83768d1270acdd89bc589fb8b8052,data/captures/sites/127_0_0_1_57244_20260529_173533/layer1.png,remote_reachable_blob,
data/captures/sites/127_0_0_1_57271_20260529_173540/layer1 2.png,21656,0e3135b10345c38c6abed388356c436e6d706843bfdf0dbd347218d812658d65,a5e6e40d48dc6a8bb2b1092b58fd66f9a10e0e70,data/captures/sites/127_0_0_1_57271_20260529_173540/layer1.png,remote_reachable_blob,
data/captures/sites/127_0_0_1_57295_20260529_153320/layer1 2.png,14964,2cb3f9ce7b40d9568965477932f840bc7221b264539d6c49fef5448fda7c14eb,f0f6446059a83768d1270acdd89bc589fb8b8052,data/captures/sites/127_0_0_1_57295_20260529_153320/layer1.png,remote_reachable_blob,
data/captures/sites/127_0_0_1_57347_20260529_195936/layer1 2.png,14964,2cb3f9ce7b40d9568965477932f840bc7221b264539d6c49fef5448fda7c14eb,f0f6446059a83768d1270acdd89bc589fb8b8052,data/captures/sites/127_0_0_1_57347_20260529_195936/layer1.png,remote_reachable_blob,
data/captures/sites/127_0_0_1_57377_20260529_195943/layer1 2.png,21656,0e3135b10345c38c6abed388356c436e6d706843bfdf0dbd347218d812658d65,a5e6e40d48dc6a8bb2b1092b58fd66f9a10e0e70,data/captures/sites/127_0_0_1_57377_20260529_195943/layer1.png,remote_reachable_blob,
data/captures/sites/127_0_0_1_57469_20260529_153524/layer1 2.png,14964,2cb3f9ce7b40d9568965477932f840bc7221b264539d6c49fef5448fda7c14eb,f0f6446059a83768d1270acdd89bc589fb8b8052,data/captures/sites/127_0_0_1_57469_20260529_153524/layer1.png,remote_reachable_blob,
data/captures/sites/127_0_0_1_57556_20260529_153611/layer1 2.png,14964,2cb3f9ce7b40d9568965477932f840bc7221b264539d6c49fef5448fda7c14eb,f0f6446059a83768d1270acdd89bc589fb8b8052,data/captures/sites/127_0_0_1_57556_20260529_153611/layer1.png,remote_reachable_blob,
data/captures/sites/127_0_0_1_57620_20260529_153633/layer1 2.png,14964,2cb3f9ce7b40d9568965477932f840bc7221b264539d6c49fef5448fda7c14eb,f0f6446059a83768d1270acdd89bc589fb8b8052,data/captures/sites/127_0_0_1_57620_20260529_153633/layer1.png,remote_reachable_blob,
data/captures/sites/127_0_0_1_57712_20260529_153739/layer1 2.png,14964,2cb3f9ce7b40d9568965477932f840bc7221b264539d6c49fef5448fda7c14eb,f0f6446059a83768d1270acdd89bc589fb8b8052,data/captures/sites/127_0_0_1_57712_20260529_153739/layer1.png,remote_reachable_blob,
data/captures/sites/127_0_0_1_57794_20260529_200452/layer1 2.png,14964,2cb3f9ce7b40d9568965477932f840bc7221b264539d6c49fef5448fda7c14eb,f0f6446059a83768d1270acdd89bc589fb8b8052,data/captures/sites/127_0_0_1_57794_20260529_200452/layer1.png,remote_reachable_blob,
data/captures/sites/127_0_0_1_57813_20260529_200500/layer1 2.png,21656,0e3135b10345c38c6abed388356c436e6d706843bfdf0dbd347218d812658d65,a5e6e40d48dc6a8bb2b1092b58fd66f9a10e0e70,data/captures/sites/127_0_0_1_57813_20260529_200500/layer1.png,remote_reachable_blob,
data/captures/sites/127_0_0_1_57869_20260529_153946/layer1 2.png,14964,2cb3f9ce7b40d9568965477932f840bc7221b264539d6c49fef5448fda7c14eb,f0f6446059a83768d1270acdd89bc589fb8b8052,data/captures/sites/127_0_0_1_57869_20260529_153946/layer1.png,remote_reachable_blob,
data/captures/sites/127_0_0_1_57883_20260529_200534/layer1 2.png,14964,2cb3f9ce7b40d9568965477932f840bc7221b264539d6c49fef5448fda7c14eb,f0f6446059a83768d1270acdd89bc589fb8b8052,data/captures/sites/127_0_0_1_57883_20260529_200534/layer1.png,remote_reachable_blob,
data/captures/sites/127_0_0_1_57905_20260529_200542/layer1 2.png,21656,0e3135b10345c38c6abed388356c436e6d706843bfdf0dbd347218d812658d65,a5e6e40d48dc6a8bb2b1092b58fd66f9a10e0e70,data/captures/sites/127_0_0_1_57905_20260529_200542/layer1.png,remote_reachable_blob,
data/captures/sites/127_0_0_1_57958_20260529_233622/layer1 2.png,14964,2cb3f9ce7b40d9568965477932f840bc7221b264539d6c49fef5448fda7c14eb,f0f6446059a83768d1270acdd89bc589fb8b8052,data/captures/sites/127_0_0_1_57958_20260529_233622/layer1.png,remote_reachable_blob,
data/captures/sites/127_0_0_1_57979_20260529_233630/layer1 2.png,21656,0e3135b10345c38c6abed388356c436e6d706843bfdf0dbd347218d812658d65,a5e6e40d48dc6a8bb2b1092b58fd66f9a10e0e70,data/captures/sites/127_0_0_1_57979_20260529_233630/layer1.png,remote_reachable_blob,
data/captures/sites/127_0_0_1_58095_20260529_154153/layer1 2.png,14964,2cb3f9ce7b40d9568965477932f840bc7221b264539d6c49fef5448fda7c14eb,f0f6446059a83768d1270acdd89bc589fb8b8052,data/captures/sites/127_0_0_1_58095_20260529_154153/layer1.png,remote_reachable_blob,
data/captures/sites/127_0_0_1_58164_20260529_154216/layer1 2.png,14964,2cb3f9ce7b40d9568965477932f840bc7221b264539d6c49fef5448fda7c14eb,f0f6446059a83768d1270acdd89bc589fb8b8052,data/captures/sites/127_0_0_1_58164_20260529_154216/layer1.png,remote_reachable_blob,
data/captures/sites/127_0_0_1_58210_20260529_201028/layer1 2.png,14964,2cb3f9ce7b40d9568965477932f840bc7221b264539d6c49fef5448fda7c14eb,f0f6446059a83768d1270acdd89bc589fb8b8052,data/captures/sites/127_0_0_1_58210_20260529_201028/layer1.png,remote_reachable_blob,
data/captures/sites/127_0_0_1_58226_20260529_201035/layer1 2.png,21656,0e3135b10345c38c6abed388356c436e6d706843bfdf0dbd347218d812658d65,a5e6e40d48dc6a8bb2b1092b58fd66f9a10e0e70,data/captures/sites/127_0_0_1_58226_20260529_201035/layer1.png,remote_reachable_blob,
data/captures/sites/127_0_0_1_58260_20260529_174229/layer1 2.png,14964,2cb3f9ce7b40d9568965477932f840bc7221b264539d6c49fef5448fda7c14eb,f0f6446059a83768d1270acdd89bc589fb8b8052,data/captures/sites/127_0_0_1_58260_20260529_174229/layer1.png,remote_reachable_blob,
data/captures/sites/127_0_0_1_58288_20260529_174237/layer1 2.png,21656,0e3135b10345c38c6abed388356c436e6d706843bfdf0dbd347218d812658d65,a5e6e40d48dc6a8bb2b1092b58fd66f9a10e0e70,data/captures/sites/127_0_0_1_58288_20260529_174237/layer1.png,remote_reachable_blob,
data/captures/sites/127_0_0_1_58291_20260529_154413/layer1 2.png,14964,2cb3f9ce7b40d9568965477932f840bc7221b264539d6c49fef5448fda7c14eb,f0f6446059a83768d1270acdd89bc589fb8b8052,data/captures/sites/127_0_0_1_58291_20260529_154413/layer1.png,remote_reachable_blob,
data/captures/sites/127_0_0_1_58306_20260529_201112/layer1 2.png,14964,2cb3f9ce7b40d9568965477932f840bc7221b264539d6c49fef5448fda7c14eb,f0f6446059a83768d1270acdd89bc589fb8b8052,data/captures/sites/127_0_0_1_58306_20260529_201112/layer1.png,remote_reachable_blob,
data/captures/sites/127_0_0_1_58325_20260529_201120/layer1 2.png,21656,0e3135b10345c38c6abed388356c436e6d706843bfdf0dbd347218d812658d65,a5e6e40d48dc6a8bb2b1092b58fd66f9a10e0e70,data/captures/sites/127_0_0_1_58325_20260529_201120/layer1.png,remote_reachable_blob,
data/captures/sites/127_0_0_1_58341_20260529_174314/layer1 2.png,14964,2cb3f9ce7b40d9568965477932f840bc7221b264539d6c49fef5448fda7c14eb,f0f6446059a83768d1270acdd89bc589fb8b8052,data/captures/sites/127_0_0_1_58341_20260529_174314/layer1.png,remote_reachable_blob,
data/captures/sites/127_0_0_1_58369_20260529_174322/layer1 2.png,21656,0e3135b10345c38c6abed388356c436e6d706843bfdf0dbd347218d812658d65,a5e6e40d48dc6a8bb2b1092b58fd66f9a10e0e70,data/captures/sites/127_0_0_1_58369_20260529_174322/layer1.png,remote_reachable_blob,
data/captures/sites/127_0_0_1_58704_20260529_234523/layer1 2.png,14964,2cb3f9ce7b40d9568965477932f840bc7221b264539d6c49fef5448fda7c14eb,f0f6446059a83768d1270acdd89bc589fb8b8052,data/captures/sites/127_0_0_1_58704_20260529_234523/layer1.png,remote_reachable_blob,
data/captures/sites/127_0_0_1_58721_20260529_234531/layer1 2.png,21656,0e3135b10345c38c6abed388356c436e6d706843bfdf0dbd347218d812658d65,a5e6e40d48dc6a8bb2b1092b58fd66f9a10e0e70,data/captures/sites/127_0_0_1_58721_20260529_234531/layer1.png,remote_reachable_blob,
data/captures/sites/127_0_0_1_58755_20260529_201825/layer1 2.png,14964,2cb3f9ce7b40d9568965477932f840bc7221b264539d6c49fef5448fda7c14eb,f0f6446059a83768d1270acdd89bc589fb8b8052,data/captures/sites/127_0_0_1_58755_20260529_201825/layer1.png,remote_reachable_blob,
data/captures/sites/127_0_0_1_58789_20260529_201832/layer1 2.png,21656,0e3135b10345c38c6abed388356c436e6d706843bfdf0dbd347218d812658d65,a5e6e40d48dc6a8bb2b1092b58fd66f9a10e0e70,data/captures/sites/127_0_0_1_58789_20260529_201832/layer1.png,remote_reachable_blob,
data/captures/sites/127_0_0_1_58816_20260529_175015/layer1 2.png,14964,2cb3f9ce7b40d9568965477932f840bc7221b264539d6c49fef5448fda7c14eb,f0f6446059a83768d1270acdd89bc589fb8b8052,data/captures/sites/127_0_0_1_58816_20260529_175015/layer1.png,remote_reachable_blob,
data/captures/sites/127_0_0_1_58848_20260529_175022/layer1 2.png,21656,0e3135b10345c38c6abed388356c436e6d706843bfdf0dbd347218d812658d65,a5e6e40d48dc6a8bb2b1092b58fd66f9a10e0e70,data/captures/sites/127_0_0_1_58848_20260529_175022/layer1.png,remote_reachable_blob,
data/captures/sites/127_0_0_1_58895_20260529_175059/layer1 2.png,14964,2cb3f9ce7b40d9568965477932f840bc7221b264539d6c49fef5448fda7c14eb,f0f6446059a83768d1270acdd89bc589fb8b8052,data/captures/sites/127_0_0_1_58895_20260529_175059/layer1.png,remote_reachable_blob,
data/captures/sites/127_0_0_1_58920_20260529_175107/layer1 2.png,21656,0e3135b10345c38c6abed388356c436e6d706843bfdf0dbd347218d812658d65,a5e6e40d48dc6a8bb2b1092b58fd66f9a10e0e70,data/captures/sites/127_0_0_1_58920_20260529_175107/layer1.png,remote_reachable_blob,
data/captures/sites/127_0_0_1_59203_20260529_202356/layer1 2.png,14964,2cb3f9ce7b40d9568965477932f840bc7221b264539d6c49fef5448fda7c14eb,f0f6446059a83768d1270acdd89bc589fb8b8052,data/captures/sites/127_0_0_1_59203_20260529_202356/layer1.png,remote_reachable_blob,
data/captures/sites/127_0_0_1_59237_20260529_202404/layer1 2.png,21656,0e3135b10345c38c6abed388356c436e6d706843bfdf0dbd347218d812658d65,a5e6e40d48dc6a8bb2b1092b58fd66f9a10e0e70,data/captures/sites/127_0_0_1_59237_20260529_202404/layer1.png,remote_reachable_blob,
data/captures/sites/127_0_0_1_59375_20260529_175617/layer1 2.png,14964,2cb3f9ce7b40d9568965477932f840bc7221b264539d6c49fef5448fda7c14eb,f0f6446059a83768d1270acdd89bc589fb8b8052,data/captures/sites/127_0_0_1_59375_20260529_175617/layer1.png,remote_reachable_blob,
data/captures/sites/127_0_0_1_59402_20260529_175625/layer1 2.png,21656,0e3135b10345c38c6abed388356c436e6d706843bfdf0dbd347218d812658d65,a5e6e40d48dc6a8bb2b1092b58fd66f9a10e0e70,data/captures/sites/127_0_0_1_59402_20260529_175625/layer1.png,remote_reachable_blob,
data/captures/sites/127_0_0_1_59420_20260529_235408/layer1 2.png,14964,2cb3f9ce7b40d9568965477932f840bc7221b264539d6c49fef5448fda7c14eb,f0f6446059a83768d1270acdd89bc589fb8b8052,data/captures/sites/127_0_0_1_59420_20260529_235408/layer1.png,remote_reachable_blob,
data/captures/sites/127_0_0_1_59444_20260529_235415/layer1 2.png,21656,0e3135b10345c38c6abed388356c436e6d706843bfdf0dbd347218d812658d65,a5e6e40d48dc6a8bb2b1092b58fd66f9a10e0e70,data/captures/sites/127_0_0_1_59444_20260529_235415/layer1.png,remote_reachable_blob,
data/captures/sites/127_0_0_1_59479_20260529_175656/layer1 2.png,14964,2cb3f9ce7b40d9568965477932f840bc7221b264539d6c49fef5448fda7c14eb,f0f6446059a83768d1270acdd89bc589fb8b8052,data/captures/sites/127_0_0_1_59479_20260529_175656/layer1.png,remote_reachable_blob,
data/captures/sites/127_0_0_1_59505_20260529_175704/layer1 2.png,21656,0e3135b10345c38c6abed388356c436e6d706843bfdf0dbd347218d812658d65,a5e6e40d48dc6a8bb2b1092b58fd66f9a10e0e70,data/captures/sites/127_0_0_1_59505_20260529_175704/layer1.png,remote_reachable_blob,
data/captures/sites/127_0_0_1_59633_20260529_203005/layer1 2.png,14964,2cb3f9ce7b40d9568965477932f840bc7221b264539d6c49fef5448fda7c14eb,f0f6446059a83768d1270acdd89bc589fb8b8052,data/captures/sites/127_0_0_1_59633_20260529_203005/layer1.png,remote_reachable_blob,
data/captures/sites/127_0_0_1_59668_20260529_203012/layer1 2.png,21656,0e3135b10345c38c6abed388356c436e6d706843bfdf0dbd347218d812658d65,a5e6e40d48dc6a8bb2b1092b58fd66f9a10e0e70,data/captures/sites/127_0_0_1_59668_20260529_203012/layer1.png,remote_reachable_blob,
data/captures/sites/127_0_0_1_59891_20260529_180222/layer1 2.png,14964,2cb3f9ce7b40d9568965477932f840bc7221b264539d6c49fef5448fda7c14eb,f0f6446059a83768d1270acdd89bc589fb8b8052,data/captures/sites/127_0_0_1_59891_20260529_180222/layer1.png,remote_reachable_blob,
data/captures/sites/127_0_0_1_59922_20260529_203507/layer1 2.png,14964,2cb3f9ce7b40d9568965477932f840bc7221b264539d6c49fef5448fda7c14eb,f0f6446059a83768d1270acdd89bc589fb8b8052,data/captures/sites/127_0_0_1_59922_20260529_203507/layer1.png,remote_reachable_blob,
data/captures/sites/127_0_0_1_59928_20260529_180230/layer1 2.png,21656,0e3135b10345c38c6abed388356c436e6d706843bfdf0dbd347218d812658d65,a5e6e40d48dc6a8bb2b1092b58fd66f9a10e0e70,data/captures/sites/127_0_0_1_59928_20260529_180230/layer1.png,remote_reachable_blob,
data/captures/sites/127_0_0_1_59956_20260529_203515/layer1 2.png,21656,0e3135b10345c38c6abed388356c436e6d706843bfdf0dbd347218d812658d65,a5e6e40d48dc6a8bb2b1092b58fd66f9a10e0e70,data/captures/sites/127_0_0_1_59956_20260529_203515/layer1.png,remote_reachable_blob,
data/captures/sites/127_0_0_1_59969_20260529_180303/layer1 2.png,14964,2cb3f9ce7b40d9568965477932f840bc7221b264539d6c49fef5448fda7c14eb,f0f6446059a83768d1270acdd89bc589fb8b8052,data/captures/sites/127_0_0_1_59969_20260529_180303/layer1.png,remote_reachable_blob,
data/captures/sites/127_0_0_1_59996_20260529_180310/layer1 2.png,21656,0e3135b10345c38c6abed388356c436e6d706843bfdf0dbd347218d812658d65,a5e6e40d48dc6a8bb2b1092b58fd66f9a10e0e70,data/captures/sites/127_0_0_1_59996_20260529_180310/layer1.png,remote_reachable_blob,
data/captures/sites/127_0_0_1_60217_20260530_000439/layer1 2.png,14964,2cb3f9ce7b40d9568965477932f840bc7221b264539d6c49fef5448fda7c14eb,f0f6446059a83768d1270acdd89bc589fb8b8052,data/captures/sites/127_0_0_1_60217_20260530_000439/layer1.png,remote_reachable_blob,
data/captures/sites/127_0_0_1_60254_20260530_000447/layer1 2.png,21656,0e3135b10345c38c6abed388356c436e6d706843bfdf0dbd347218d812658d65,a5e6e40d48dc6a8bb2b1092b58fd66f9a10e0e70,data/captures/sites/127_0_0_1_60254_20260530_000447/layer1.png,remote_reachable_blob,
data/captures/sites/127_0_0_1_60320_20260529_204129/layer1 2.png,14964,2cb3f9ce7b40d9568965477932f840bc7221b264539d6c49fef5448fda7c14eb,f0f6446059a83768d1270acdd89bc589fb8b8052,data/captures/sites/127_0_0_1_60320_20260529_204129/layer1.png,remote_reachable_blob,
data/captures/sites/127_0_0_1_60344_20260529_180713/layer1 2.png,14964,2cb3f9ce7b40d9568965477932f840bc7221b264539d6c49fef5448fda7c14eb,f0f6446059a83768d1270acdd89bc589fb8b8052,data/captures/sites/127_0_0_1_60344_20260529_180713/layer1.png,remote_reachable_blob,
data/captures/sites/127_0_0_1_60356_20260529_204137/layer1 2.png,21656,0e3135b10345c38c6abed388356c436e6d706843bfdf0dbd347218d812658d65,a5e6e40d48dc6a8bb2b1092b58fd66f9a10e0e70,data/captures/sites/127_0_0_1_60356_20260529_204137/layer1.png,remote_reachable_blob,
data/captures/sites/127_0_0_1_60373_20260529_180721/layer1 2.png,21656,0e3135b10345c38c6abed388356c436e6d706843bfdf0dbd347218d812658d65,a5e6e40d48dc6a8bb2b1092b58fd66f9a10e0e70,data/captures/sites/127_0_0_1_60373_20260529_180721/layer1.png,remote_reachable_blob,
data/captures/sites/127_0_0_1_60414_20260529_180752/layer1 2.png,14964,2cb3f9ce7b40d9568965477932f840bc7221b264539d6c49fef5448fda7c14eb,f0f6446059a83768d1270acdd89bc589fb8b8052,data/captures/sites/127_0_0_1_60414_20260529_180752/layer1.png,remote_reachable_blob,
data/captures/sites/127_0_0_1_60443_20260529_180759/layer1 2.png,21656,0e3135b10345c38c6abed388356c436e6d706843bfdf0dbd347218d812658d65,a5e6e40d48dc6a8bb2b1092b58fd66f9a10e0e70,data/captures/sites/127_0_0_1_60443_20260529_180759/layer1.png,remote_reachable_blob,
data/captures/sites/127_0_0_1_60813_20260529_181227/layer1 2.png,14964,2cb3f9ce7b40d9568965477932f840bc7221b264539d6c49fef5448fda7c14eb,f0f6446059a83768d1270acdd89bc589fb8b8052,data/captures/sites/127_0_0_1_60813_20260529_181227/layer1.png,remote_reachable_blob,
data/captures/sites/127_0_0_1_60849_20260529_181234/layer1 2.png,21656,0e3135b10345c38c6abed388356c436e6d706843bfdf0dbd347218d812658d65,a5e6e40d48dc6a8bb2b1092b58fd66f9a10e0e70,data/captures/sites/127_0_0_1_60849_20260529_181234/layer1.png,remote_reachable_blob,
data/captures/sites/127_0_0_1_60891_20260529_181310/layer1 2.png,14964,2cb3f9ce7b40d9568965477932f840bc7221b264539d6c49fef5448fda7c14eb,f0f6446059a83768d1270acdd89bc589fb8b8052,data/captures/sites/127_0_0_1_60891_20260529_181310/layer1.png,remote_reachable_blob,
data/captures/sites/127_0_0_1_60912_20260529_204914/layer1 2.png,14964,2cb3f9ce7b40d9568965477932f840bc7221b264539d6c49fef5448fda7c14eb,f0f6446059a83768d1270acdd89bc589fb8b8052,data/captures/sites/127_0_0_1_60912_20260529_204914/layer1.png,remote_reachable_blob,
data/captures/sites/127_0_0_1_60921_20260529_181317/layer1 2.png,21656,0e3135b10345c38c6abed388356c436e6d706843bfdf0dbd347218d812658d65,a5e6e40d48dc6a8bb2b1092b58fd66f9a10e0e70,data/captures/sites/127_0_0_1_60921_20260529_181317/layer1.png,remote_reachable_blob,
data/captures/sites/127_0_0_1_60928_20260529_204922/layer1 2.png,21656,0e3135b10345c38c6abed388356c436e6d706843bfdf0dbd347218d812658d65,a5e6e40d48dc6a8bb2b1092b58fd66f9a10e0e70,data/captures/sites/127_0_0_1_60928_20260529_204922/layer1.png,remote_reachable_blob,
data/captures/sites/127_0_0_1_61311_20260529_205322/layer1 2.png,14964,2cb3f9ce7b40d9568965477932f840bc7221b264539d6c49fef5448fda7c14eb,f0f6446059a83768d1270acdd89bc589fb8b8052,data/captures/sites/127_0_0_1_61311_20260529_205322/layer1.png,remote_reachable_blob,
data/captures/sites/127_0_0_1_61325_20260529_205329/layer1 2.png,21656,0e3135b10345c38c6abed388356c436e6d706843bfdf0dbd347218d812658d65,a5e6e40d48dc6a8bb2b1092b58fd66f9a10e0e70,data/captures/sites/127_0_0_1_61325_20260529_205329/layer1.png,remote_reachable_blob,
data/captures/sites/127_0_0_1_61452_20260529_181837/layer1 2.png,14964,2cb3f9ce7b40d9568965477932f840bc7221b264539d6c49fef5448fda7c14eb,f0f6446059a83768d1270acdd89bc589fb8b8052,data/captures/sites/127_0_0_1_61452_20260529_181837/layer1.png,remote_reachable_blob,
data/captures/sites/127_0_0_1_61490_20260529_181845/layer1 2.png,21656,0e3135b10345c38c6abed388356c436e6d706843bfdf0dbd347218d812658d65,a5e6e40d48dc6a8bb2b1092b58fd66f9a10e0e70,data/captures/sites/127_0_0_1_61490_20260529_181845/layer1.png,remote_reachable_blob,
data/captures/sites/127_0_0_1_61532_20260529_181917/layer1 2.png,14964,2cb3f9ce7b40d9568965477932f840bc7221b264539d6c49fef5448fda7c14eb,f0f6446059a83768d1270acdd89bc589fb8b8052,data/captures/sites/127_0_0_1_61532_20260529_181917/layer1.png,remote_reachable_blob,
data/captures/sites/127_0_0_1_61559_20260529_181924/layer1 2.png,21656,0e3135b10345c38c6abed388356c436e6d706843bfdf0dbd347218d812658d65,a5e6e40d48dc6a8bb2b1092b58fd66f9a10e0e70,data/captures/sites/127_0_0_1_61559_20260529_181924/layer1.png,remote_reachable_blob,
data/captures/sites/127_0_0_1_61679_20260529_205728/layer1 2.png,14964,2cb3f9ce7b40d9568965477932f840bc7221b264539d6c49fef5448fda7c14eb,f0f6446059a83768d1270acdd89bc589fb8b8052,data/captures/sites/127_0_0_1_61679_20260529_205728/layer1.png,remote_reachable_blob,
data/captures/sites/127_0_0_1_61697_20260529_205735/layer1 2.png,21656,0e3135b10345c38c6abed388356c436e6d706843bfdf0dbd347218d812658d65,a5e6e40d48dc6a8bb2b1092b58fd66f9a10e0e70,data/captures/sites/127_0_0_1_61697_20260529_205735/layer1.png,remote_reachable_blob,
data/captures/sites/127_0_0_1_61794_20260529_182400/layer1 2.png,14964,2cb3f9ce7b40d9568965477932f840bc7221b264539d6c49fef5448fda7c14eb,f0f6446059a83768d1270acdd89bc589fb8b8052,data/captures/sites/127_0_0_1_61794_20260529_182400/layer1.png,remote_reachable_blob,
data/captures/sites/127_0_0_1_61828_20260529_182408/layer1 2.png,21656,0e3135b10345c38c6abed388356c436e6d706843bfdf0dbd347218d812658d65,a5e6e40d48dc6a8bb2b1092b58fd66f9a10e0e70,data/captures/sites/127_0_0_1_61828_20260529_182408/layer1.png,remote_reachable_blob,
data/captures/sites/127_0_0_1_62041_20260529_210143/layer1 2.png,14964,2cb3f9ce7b40d9568965477932f840bc7221b264539d6c49fef5448fda7c14eb,f0f6446059a83768d1270acdd89bc589fb8b8052,data/captures/sites/127_0_0_1_62041_20260529_210143/layer1.png,remote_reachable_blob,
data/captures/sites/127_0_0_1_62055_20260529_210150/layer1 2.png,21656,0e3135b10345c38c6abed388356c436e6d706843bfdf0dbd347218d812658d65,a5e6e40d48dc6a8bb2b1092b58fd66f9a10e0e70,data/captures/sites/127_0_0_1_62055_20260529_210150/layer1.png,remote_reachable_blob,
data/captures/sites/127_0_0_1_62057_20260529_155524/layer1 2.png,14964,2cb3f9ce7b40d9568965477932f840bc7221b264539d6c49fef5448fda7c14eb,f0f6446059a83768d1270acdd89bc589fb8b8052,data/captures/sites/127_0_0_1_62057_20260529_155524/layer1.png,remote_reachable_blob,
data/captures/sites/127_0_0_1_62123_20260529_155553/layer1 2.png,14964,2cb3f9ce7b40d9568965477932f840bc7221b264539d6c49fef5448fda7c14eb,f0f6446059a83768d1270acdd89bc589fb8b8052,data/captures/sites/127_0_0_1_62123_20260529_155553/layer1.png,remote_reachable_blob,
data/captures/sites/127_0_0_1_62178_20260529_155615/layer1 2.png,14964,2cb3f9ce7b40d9568965477932f840bc7221b264539d6c49fef5448fda7c14eb,f0f6446059a83768d1270acdd89bc589fb8b8052,data/captures/sites/127_0_0_1_62178_20260529_155615/layer1.png,remote_reachable_blob,
data/captures/sites/127_0_0_1_62221_20260529_182706/layer1 2.png,14964,2cb3f9ce7b40d9568965477932f840bc7221b264539d6c49fef5448fda7c14eb,f0f6446059a83768d1270acdd89bc589fb8b8052,data/captures/sites/127_0_0_1_62221_20260529_182706/layer1.png,remote_reachable_blob,
data/captures/sites/127_0_0_1_62256_20260529_182714/layer1 2.png,21656,0e3135b10345c38c6abed388356c436e6d706843bfdf0dbd347218d812658d65,a5e6e40d48dc6a8bb2b1092b58fd66f9a10e0e70,data/captures/sites/127_0_0_1_62256_20260529_182714/layer1.png,remote_reachable_blob,
data/captures/sites/127_0_0_1_62260_20260529_155644/layer1 2.png,14964,2cb3f9ce7b40d9568965477932f840bc7221b264539d6c49fef5448fda7c14eb,f0f6446059a83768d1270acdd89bc589fb8b8052,data/captures/sites/127_0_0_1_62260_20260529_155644/layer1.png,remote_reachable_blob,
data/captures/sites/127_0_0_1_62333_20260529_182754/layer1 2.png,14964,2cb3f9ce7b40d9568965477932f840bc7221b264539d6c49fef5448fda7c14eb,f0f6446059a83768d1270acdd89bc589fb8b8052,data/captures/sites/127_0_0_1_62333_20260529_182754/layer1.png,remote_reachable_blob,
data/captures/sites/127_0_0_1_62371_20260529_182802/layer1 2.png,21656,0e3135b10345c38c6abed388356c436e6d706843bfdf0dbd347218d812658d65,a5e6e40d48dc6a8bb2b1092b58fd66f9a10e0e70,data/captures/sites/127_0_0_1_62371_20260529_182802/layer1.png,remote_reachable_blob,
data/captures/sites/127_0_0_1_62428_20260529_155748/layer1 2.png,14964,2cb3f9ce7b40d9568965477932f840bc7221b264539d6c49fef5448fda7c14eb,f0f6446059a83768d1270acdd89bc589fb8b8052,data/captures/sites/127_0_0_1_62428_20260529_155748/layer1.png,remote_reachable_blob,
data/captures/sites/127_0_0_1_62617_20260529_210825/layer1 2.png,14964,2cb3f9ce7b40d9568965477932f840bc7221b264539d6c49fef5448fda7c14eb,f0f6446059a83768d1270acdd89bc589fb8b8052,data/captures/sites/127_0_0_1_62617_20260529_210825/layer1.png,remote_reachable_blob,
data/captures/sites/127_0_0_1_62630_20260529_210833/layer1 2.png,21656,0e3135b10345c38c6abed388356c436e6d706843bfdf0dbd347218d812658d65,a5e6e40d48dc6a8bb2b1092b58fd66f9a10e0e70,data/captures/sites/127_0_0_1_62630_20260529_210833/layer1.png,remote_reachable_blob,
data/captures/sites/127_0_0_1_62738_20260529_160055/layer1 2.png,14964,2cb3f9ce7b40d9568965477932f840bc7221b264539d6c49fef5448fda7c14eb,f0f6446059a83768d1270acdd89bc589fb8b8052,data/captures/sites/127_0_0_1_62738_20260529_160055/layer1.png,remote_reachable_blob,
data/captures/sites/127_0_0_1_62927_20260529_183528/layer1 2.png,14964,2cb3f9ce7b40d9568965477932f840bc7221b264539d6c49fef5448fda7c14eb,f0f6446059a83768d1270acdd89bc589fb8b8052,data/captures/sites/127_0_0_1_62927_20260529_183528/layer1.png,remote_reachable_blob,
data/captures/sites/127_0_0_1_62960_20260529_183536/layer1 2.png,21656,0e3135b10345c38c6abed388356c436e6d706843bfdf0dbd347218d812658d65,a5e6e40d48dc6a8bb2b1092b58fd66f9a10e0e70,data/captures/sites/127_0_0_1_62960_20260529_183536/layer1.png,remote_reachable_blob,
data/captures/sites/127_0_0_1_63077_20260529_211414/layer1 2.png,14964,2cb3f9ce7b40d9568965477932f840bc7221b264539d6c49fef5448fda7c14eb,f0f6446059a83768d1270acdd89bc589fb8b8052,data/captures/sites/127_0_0_1_63077_20260529_211414/layer1.png,remote_reachable_blob,
data/captures/sites/127_0_0_1_63091_20260529_211421/layer1 2.png,21656,0e3135b10345c38c6abed388356c436e6d706843bfdf0dbd347218d812658d65,a5e6e40d48dc6a8bb2b1092b58fd66f9a10e0e70,data/captures/sites/127_0_0_1_63091_20260529_211421/layer1.png,remote_reachable_blob,
data/captures/sites/127_0_0_1_63140_20260529_160222/layer1 2.png,14964,2cb3f9ce7b40d9568965477932f840bc7221b264539d6c49fef5448fda7c14eb,f0f6446059a83768d1270acdd89bc589fb8b8052,data/captures/sites/127_0_0_1_63140_20260529_160222/layer1.png,remote_reachable_blob,
data/captures/sites/127_0_0_1_63163_20260529_160229/layer1 2.png,21656,0e3135b10345c38c6abed388356c436e6d706843bfdf0dbd347218d812658d65,a5e6e40d48dc6a8bb2b1092b58fd66f9a10e0e70,data/captures/sites/127_0_0_1_63163_20260529_160229/layer1.png,remote_reachable_blob,
data/captures/sites/127_0_0_1_63211_20260529_160259/layer1 2.png,14964,2cb3f9ce7b40d9568965477932f840bc7221b264539d6c49fef5448fda7c14eb,f0f6446059a83768d1270acdd89bc589fb8b8052,data/captures/sites/127_0_0_1_63211_20260529_160259/layer1.png,remote_reachable_blob,
data/captures/sites/127_0_0_1_63233_20260529_160307/layer1 2.png,21656,0e3135b10345c38c6abed388356c436e6d706843bfdf0dbd347218d812658d65,a5e6e40d48dc6a8bb2b1092b58fd66f9a10e0e70,data/captures/sites/127_0_0_1_63233_20260529_160307/layer1.png,remote_reachable_blob,
data/captures/sites/127_0_0_1_63366_20260529_184102/layer1 2.png,14964,2cb3f9ce7b40d9568965477932f840bc7221b264539d6c49fef5448fda7c14eb,f0f6446059a83768d1270acdd89bc589fb8b8052,data/captures/sites/127_0_0_1_63366_20260529_184102/layer1.png,remote_reachable_blob,
data/captures/sites/127_0_0_1_63401_20260529_184109/layer1 2.png,21656,0e3135b10345c38c6abed388356c436e6d706843bfdf0dbd347218d812658d65,a5e6e40d48dc6a8bb2b1092b58fd66f9a10e0e70,data/captures/sites/127_0_0_1_63401_20260529_184109/layer1.png,remote_reachable_blob,
data/captures/sites/127_0_0_1_63768_20260529_184720/layer1 2.png,14964,2cb3f9ce7b40d9568965477932f840bc7221b264539d6c49fef5448fda7c14eb,f0f6446059a83768d1270acdd89bc589fb8b8052,data/captures/sites/127_0_0_1_63768_20260529_184720/layer1.png,remote_reachable_blob,
data/captures/sites/127_0_0_1_63782_20260529_184727/layer1 2.png,21656,0e3135b10345c38c6abed388356c436e6d706843bfdf0dbd347218d812658d65,a5e6e40d48dc6a8bb2b1092b58fd66f9a10e0e70,data/captures/sites/127_0_0_1_63782_20260529_184727/layer1.png,remote_reachable_blob,
data/captures/sites/127_0_0_1_63949_20260529_160624/layer1 2.png,14964,2cb3f9ce7b40d9568965477932f840bc7221b264539d6c49fef5448fda7c14eb,f0f6446059a83768d1270acdd89bc589fb8b8052,data/captures/sites/127_0_0_1_63949_20260529_160624/layer1.png,remote_reachable_blob,
data/captures/sites/127_0_0_1_63971_20260529_160632/layer1 2.png,21656,0e3135b10345c38c6abed388356c436e6d706843bfdf0dbd347218d812658d65,a5e6e40d48dc6a8bb2b1092b58fd66f9a10e0e70,data/captures/sites/127_0_0_1_63971_20260529_160632/layer1.png,remote_reachable_blob,
data/captures/sites/127_0_0_1_64143_20260529_212637/layer1 2.png,14964,2cb3f9ce7b40d9568965477932f840bc7221b264539d6c49fef5448fda7c14eb,f0f6446059a83768d1270acdd89bc589fb8b8052,data/captures/sites/127_0_0_1_64143_20260529_212637/layer1.png,remote_reachable_blob,
data/captures/sites/127_0_0_1_64162_20260529_212645/layer1 2.png,21656,0e3135b10345c38c6abed388356c436e6d706843bfdf0dbd347218d812658d65,a5e6e40d48dc6a8bb2b1092b58fd66f9a10e0e70,data/captures/sites/127_0_0_1_64162_20260529_212645/layer1.png,remote_reachable_blob,
data/captures/sites/127_0_0_1_64542_20260529_213206/layer1 2.png,14964,2cb3f9ce7b40d9568965477932f840bc7221b264539d6c49fef5448fda7c14eb,f0f6446059a83768d1270acdd89bc589fb8b8052,data/captures/sites/127_0_0_1_64542_20260529_213206/layer1.png,remote_reachable_blob,
data/captures/sites/127_0_0_1_64560_20260529_213213/layer1 2.png,21656,0e3135b10345c38c6abed388356c436e6d706843bfdf0dbd347218d812658d65,a5e6e40d48dc6a8bb2b1092b58fd66f9a10e0e70,data/captures/sites/127_0_0_1_64560_20260529_213213/layer1.png,remote_reachable_blob,
data/captures/sites/127_0_0_1_64771_20260529_185238/layer1 2.png,14964,2cb3f9ce7b40d9568965477932f840bc7221b264539d6c49fef5448fda7c14eb,f0f6446059a83768d1270acdd89bc589fb8b8052,data/captures/sites/127_0_0_1_64771_20260529_185238/layer1.png,remote_reachable_blob,
data/captures/sites/127_0_0_1_64785_20260529_185245/layer1 2.png,21656,0e3135b10345c38c6abed388356c436e6d706843bfdf0dbd347218d812658d65,a5e6e40d48dc6a8bb2b1092b58fd66f9a10e0e70,data/captures/sites/127_0_0_1_64785_20260529_185245/layer1.png,remote_reachable_blob,
data/captures/sites/127_0_0_1_64871_20260529_161103/layer1 2.png,14964,2cb3f9ce7b40d9568965477932f840bc7221b264539d6c49fef5448fda7c14eb,f0f6446059a83768d1270acdd89bc589fb8b8052,data/captures/sites/127_0_0_1_64871_20260529_161103/layer1.png,remote_reachable_blob,
data/captures/sites/127_0_0_1_64906_20260529_161110/layer1 2.png,21656,0e3135b10345c38c6abed388356c436e6d706843bfdf0dbd347218d812658d65,a5e6e40d48dc6a8bb2b1092b58fd66f9a10e0e70,data/captures/sites/127_0_0_1_64906_20260529_161110/layer1.png,remote_reachable_blob,
data/captures/sites/127_0_0_1_64928_20260529_213749/layer1 2.png,14964,2cb3f9ce7b40d9568965477932f840bc7221b264539d6c49fef5448fda7c14eb,f0f6446059a83768d1270acdd89bc589fb8b8052,data/captures/sites/127_0_0_1_64928_20260529_213749/layer1.png,remote_reachable_blob,
data/captures/sites/127_0_0_1_64963_20260529_213756/layer1 2.png,21656,0e3135b10345c38c6abed388356c436e6d706843bfdf0dbd347218d812658d65,a5e6e40d48dc6a8bb2b1092b58fd66f9a10e0e70,data/captures/sites/127_0_0_1_64963_20260529_213756/layer1.png,remote_reachable_blob,
data/captures/sites/127_0_0_1_64967_20260529_161142/layer1 2.png,14964,2cb3f9ce7b40d9568965477932f840bc7221b264539d6c49fef5448fda7c14eb,f0f6446059a83768d1270acdd89bc589fb8b8052,data/captures/sites/127_0_0_1_64967_20260529_161142/layer1.png,remote_reachable_blob,
data/captures/sites/127_0_0_1_65005_20260529_161150/layer1 2.png,21656,0e3135b10345c38c6abed388356c436e6d706843bfdf0dbd347218d812658d65,a5e6e40d48dc6a8bb2b1092b58fd66f9a10e0e70,data/captures/sites/127_0_0_1_65005_20260529_161150/layer1.png,remote_reachable_blob,
data/captures/sites/127_0_0_1_65198_20260529_214049/layer1 2.png,14964,2cb3f9ce7b40d9568965477932f840bc7221b264539d6c49fef5448fda7c14eb,f0f6446059a83768d1270acdd89bc589fb8b8052,data/captures/sites/127_0_0_1_65198_20260529_214049/layer1.png,remote_reachable_blob,
data/captures/sites/127_0_0_1_65231_20260529_214056/layer1 2.png,21656,0e3135b10345c38c6abed388356c436e6d706843bfdf0dbd347218d812658d65,a5e6e40d48dc6a8bb2b1092b58fd66f9a10e0e70,data/captures/sites/127_0_0_1_65231_20260529_214056/layer1.png,remote_reachable_blob,
data/captures/sites/127_0_0_1_65285_20260529_161651/layer1 2.png,14964,2cb3f9ce7b40d9568965477932f840bc7221b264539d6c49fef5448fda7c14eb,f0f6446059a83768d1270acdd89bc589fb8b8052,data/captures/sites/127_0_0_1_65285_20260529_161651/layer1.png,remote_reachable_blob,
data/captures/sites/127_0_0_1_65325_20260529_161658/layer1 2.png,21656,0e3135b10345c38c6abed388356c436e6d706843bfdf0dbd347218d812658d65,a5e6e40d48dc6a8bb2b1092b58fd66f9a10e0e70,data/captures/sites/127_0_0_1_65325_20260529_161658/layer1.png,remote_reachable_blob,
data/captures/sites/127_0_0_1_65375_20260529_161722/layer1 2.png,14964,2cb3f9ce7b40d9568965477932f840bc7221b264539d6c49fef5448fda7c14eb,f0f6446059a83768d1270acdd89bc589fb8b8052,data/captures/sites/127_0_0_1_65375_20260529_161722/layer1.png,remote_reachable_blob,
data/captures/sites/127_0_0_1_65410_20260529_161729/layer1 2.png,21656,0e3135b10345c38c6abed388356c436e6d706843bfdf0dbd347218d812658d65,a5e6e40d48dc6a8bb2b1092b58fd66f9a10e0e70,data/captures/sites/127_0_0_1_65410_20260529_161729/layer1.png,remote_reachable_blob,
data/captures/sites/example_com_20260529_171354/layer1 2.png,18486,e7bfca3fc482966b1be4c13367fbedcab54aa096b44bdb2ac688b3302c0c3839,9d7d1086b39c71fb6980535deb692442b70681c7,data/captures/sites/example_com_20260529_171354/layer1.png,remote_reachable_blob,
data/captures/sites/weather_com_20260529_190138/layer1 2.png,367852,e707cd569a1e838a2a80fefbc7abe69fae1a6f5d9ec90d878e6b18dbf49b324a,a8f0c7d90b22bc60b64bb40281f7e09e153e69fc,data/captures/sites/weather_com_20260529_190138/layer1.png,remote_reachable_blob,
data/captures/sites/weather_com_20260529_190718/layer1 2.png,367852,e707cd569a1e838a2a80fefbc7abe69fae1a6f5d9ec90d878e6b18dbf49b324a,a8f0c7d90b22bc60b64bb40281f7e09e153e69fc,data/captures/sites/weather_com_20260529_190718/layer1.png,remote_reachable_blob,
data/captures/sites/weather_com_20260529_190849/layer1 2.png,367852,e707cd569a1e838a2a80fefbc7abe69fae1a6f5d9ec90d878e6b18dbf49b324a,a8f0c7d90b22bc60b64bb40281f7e09e153e69fc,data/captures/sites/weather_com_20260529_190849/layer1.png,remote_reachable_blob,
data/captures/sites/www_airbnb_com_20260529_173756/layer1 2.png,21007,6a57e60c8d862a7269a4bbf5633b1a37d9ebc7627b78b75c6a6266902b6e731a,7660f8d0969beb2efeccada8b9cb28d8285eb33f,data/captures/sites/www_airbnb_com_20260529_173756/layer1.png,remote_reachable_blob,
data/captures/sites/www_airbnb_com_20260529_184932/layer1 2.png,28000,8eba4e8ded1c7818d07c8ef99f3f7c532d626bf472ba35171be0d84cc48dc762,0f563049d63bf0e95b359e6750c47ee6bf9c29e5,data/captures/sites/www_airbnb_com_20260529_184932/layer1.png,remote_reachable_blob,
data/captures/sites/www_amazon_com_20260529_173741/layer1 2.png,738290,04d7f70f4a8a49f503a6d8b8a3f761bb04103fb1da540076c14a88cb4c1de226,d18a3763c630e14d7dab3af18f95229eeda3967d,data/captures/sites/www_amazon_com_20260529_173741/layer1.png,remote_reachable_blob,
data/captures/sites/www_amazon_com_20260529_184922/layer1 2.png,738434,22f4665875eb3dff6c5c8e12ac15feb2902ef3e02daff0bbfd7a4a26000c85ea,10f6a6fb18e6e4f6b850bd42a99f1cd518b62b5f,data/captures/sites/www_amazon_com_20260529_184922/layer1.png,remote_reachable_blob,
data/captures/sites/www_bbc_com_20260529_154646/layer1 2.png,411304,e825163887a45b89488dda1c24381e71bb55d8d5f0fe76b9da905b0808ff70e4,cad172163328a94c135706cb7da1c54e1f0f3fd3,data/captures/sites/www_bbc_com_20260529_154646/layer1.png,remote_reachable_blob,
data/captures/sites/www_bbc_com_20260529_154901/layer1 2.png,409278,e0b080e98048af2bcd95e86a60d57e488a6a5fe00d4fa2a42f4115b74b7172fd,4822f114ad304bee8553ae2da33cbdefde138d59,data/captures/sites/www_bbc_com_20260529_154901/layer1.png,remote_reachable_blob,
data/captures/sites/www_bbc_com_20260529_155146/layer1 2.png,411333,396bf904a221695501d70a9e87ac185bf4c2a0d21bc5a317c957745fe6c2d1e2,ad1a888bfbe80baf9bc15c8b35e4808f1e0d48be,data/captures/sites/www_bbc_com_20260529_155146/layer1.png,remote_reachable_blob,
data/captures/sites/www_bbc_com_20260529_160115/layer1 2.png,412426,300dcaa0c4ce46539cfc4153a2b244b6a8567173e02ae1b046de9d7e00fd4b63,eb10a4d46a70d866d60f3ad0c20333867a569ba1,data/captures/sites/www_bbc_com_20260529_160115/layer1.png,remote_reachable_blob,
data/captures/sites/www_bbc_com_20260529_160337/layer1 2.png,412426,300dcaa0c4ce46539cfc4153a2b244b6a8567173e02ae1b046de9d7e00fd4b63,eb10a4d46a70d866d60f3ad0c20333867a569ba1,data/captures/sites/www_bbc_com_20260529_160337/layer1.png,remote_reachable_blob,
data/captures/sites/www_bbc_com_20260529_160656/layer1 2.png,412426,300dcaa0c4ce46539cfc4153a2b244b6a8567173e02ae1b046de9d7e00fd4b63,eb10a4d46a70d866d60f3ad0c20333867a569ba1,data/captures/sites/www_bbc_com_20260529_160656/layer1.png,remote_reachable_blob,
data/captures/sites/www_bbc_com_20260529_161000/layer1 2.png,412473,b52bedab45eecdc2b7fa0fca990e14942e03fe9b18bc876a14b6a2a604aff974,475956296f9888ec12567247c5901059171f6d46,data/captures/sites/www_bbc_com_20260529_161000/layer1.png,remote_reachable_blob,
data/captures/sites/www_bbc_com_20260529_184907/layer1 2.png,456634,aac144ca2ef0476043f3911d6d8b4ed35f9421d0522282c5777887d9c2f58ef3,cbbae9acf57b317551fb424bfb006be7ebf5b15b,data/captures/sites/www_bbc_com_20260529_184907/layer1.png,remote_reachable_blob,
data/captures/sites/www_booking_com_20260529_182438/layer1 2.png,107079,f05320c257f4daf7ed68080437fca97daf6387eb1d1ed072ba2d78dd005447ef,c0c40fb980e0b8a34b58cc2230c99aade076900a,data/captures/sites/www_booking_com_20260529_182438/layer1.png,remote_reachable_blob,
data/captures/sites/www_booking_com_20260529_193509/layer1 2.png,92718,fc3403b1c41f46dceb485337847ebc14d5c466d50917f956ccae605e5178813a,ade92722f50a4143261db9664f9c176b45bd6df2,data/captures/sites/www_booking_com_20260529_193509/layer1.png,remote_reachable_blob,
data/captures/sites/www_chase_com_20260529_173803/layer1 2.png,157465,8de5d4b6eaa7c164cf698b871e40da6b6560f40d636031f43aba450b851818d5,87f11a26d08c58bd136a07a38355a2c36d0f3986,data/captures/sites/www_chase_com_20260529_173803/layer1.png,remote_reachable_blob,
data/captures/sites/www_chase_com_20260529_184940/layer1 2.png,158662,d7bcfb337af1388b56a9e2330fecbce6708ce46b77ac6ee3edd977efe153d893,c6d245d0f797c4e95f2b94e42d92b01c240c2268,data/captures/sites/www_chase_com_20260529_184940/layer1.png,remote_reachable_blob,
data/captures/sites/www_cnn_com_20260529_173735/layer1 2.png,345936,f351d7de76b5dc1edffaeb687a356e26f93586e8df9e08b1d555fa3aeda89b12,dd942a716a5c331a08b8704d366ce0150648a079,data/captures/sites/www_cnn_com_20260529_173735/layer1.png,remote_reachable_blob,
data/captures/sites/www_cnn_com_20260529_181620/layer1 2.png,693267,4567ca8ad264424598642d998e2229e4601dbc4c404bab7a431a411557d25d35,7101393ce7a9098233b084710bdcd284c0a00ec2,data/captures/sites/www_cnn_com_20260529_181620/layer1.png,remote_reachable_blob,
data/captures/sites/www_cnn_com_20260529_193504/layer1 2.png,642176,3143c6a335fc692f90de68e3724649453912be6c19972cdfd1f049433081857a,a58fe6ca6615cd41c9d890dee9d0121d3f5db264,data/captures/sites/www_cnn_com_20260529_193504/layer1.png,remote_reachable_blob,
data/captures/sites/www_coca_cola_com_20260529_191747/layer1 2.png,358743,c9730a63fd9db7df9876e915a19728170956dc8b6b127aba1d61074e662b4504,74dd2e9b7d2a67d137bef3a6bce4ac721c7c2a1b,data/captures/sites/www_coca_cola_com_20260529_191747/layer1.png,remote_reachable_blob,
data/captures/sites/www_coca_cola_com_20260529_193519/layer1 2.png,358743,c9730a63fd9db7df9876e915a19728170956dc8b6b127aba1d61074e662b4504,74dd2e9b7d2a67d137bef3a6bce4ac721c7c2a1b,data/captures/sites/www_coca_cola_com_20260529_193519/layer1.png,remote_reachable_blob,
data/captures/sites/www_ibm_com_20260529_191806/layer1 2.png,429661,5b4b1898aa293deab3b0d4941e89b0525cabdcfcd3a290915854a68fd868d320,bf1921439e7790b0aebff4f3bc51e23190392bed,data/captures/sites/www_ibm_com_20260529_191806/layer1.png,remote_reachable_blob,
data/captures/sites/www_ikea_com_20260529_191757/layer1 2.png,444610,4e7a043aacb102fc96bfdcef4e56dcf5ce361dc66fdbd4437621b6be2225336f,cacecc14822cd5266e8275949ca25350ebf7e102,data/captures/sites/www_ikea_com_20260529_191757/layer1.png,remote_reachable_blob,
data/captures/sites/www_intuit_com_20260529_191813/layer1 2.png,14031,3c6d88664dbbb6a3120215bd31b8797a73b451cae2e7efb736d3ad0232e09b2a,922faccbf7043f29139487b11786f0c8d3b273d5,data/captures/sites/www_intuit_com_20260529_191813/layer1.png,remote_reachable_blob,
data/captures/sites/www_nerdwallet_com_20260529_173808/layer1 2.png,608556,abd1f0c3a7c94814a1c4152a4343ff6de54b7f65093d1085ea65fc50e6a22186,c7906f05a6b948ca6ab55fc9fbbc5d8317b31cc0,data/captures/sites/www_nerdwallet_com_20260529_173808/layer1.png,remote_reachable_blob,
data/captures/sites/www_nerdwallet_com_20260529_181624/layer1 2.png,608556,abd1f0c3a7c94814a1c4152a4343ff6de54b7f65093d1085ea65fc50e6a22186,c7906f05a6b948ca6ab55fc9fbbc5d8317b31cc0,data/captures/sites/www_nerdwallet_com_20260529_181624/layer1.png,remote_reachable_blob,
data/captures/sites/www_nerdwallet_com_20260529_193515/layer1 2.png,616238,a0f296d2a45ef5e10dd0f4723e6d86082590618dbd6abd9f05d4c7654acc8f29,3c09958542c3c82070ca1397327f095644e226d6,data/captures/sites/www_nerdwallet_com_20260529_193515/layer1.png,remote_reachable_blob,
data/captures/sites/www_nytimes_com_20260529_154727/layer1 2.png,398054,3500b51734507a706c76bf2c889fc57ee849a6c9c11ad6744b6697819b03ef17,2fb07b1515c2c9d573411429c32513f73a2bc7cd,data/captures/sites/www_nytimes_com_20260529_154727/layer1.png,remote_reachable_blob,
data/captures/sites/www_nytimes_com_20260529_154941/layer1 2.png,398291,7088222b18ae99c9b3d1567d646ccda711708be0e9ef84d4813ca6cd926b5f8c,2f9a8207cb7f1af9c5be9ef67a5868379cb1376f,data/captures/sites/www_nytimes_com_20260529_154941/layer1.png,remote_reachable_blob,
data/captures/sites/www_nytimes_com_20260529_155228/layer1 2.png,393745,6ae455987ced9a8bcdff143013d4a6e9381e72fe77724d44534225d4af520d0b,c5276a67e22d0f7da4b77e39010ffe21e4f5801d,data/captures/sites/www_nytimes_com_20260529_155228/layer1.png,remote_reachable_blob,
data/captures/sites/www_nytimes_com_20260529_160125/layer1 2.png,393134,9141e7c17e6272d05baf0697a6d85d151af0069a163cea749a9d9c16c88ec1f0,edd7cbc5f96c883d356a3d4b9610121ff2862e8c,data/captures/sites/www_nytimes_com_20260529_160125/layer1.png,remote_reachable_blob,
data/captures/sites/www_nytimes_com_20260529_160402/layer1 2.png,397928,93718b40a24448102eea91851bf46fcc54ac6155571145a7d9590eab29ab8cb0,ff7e20e291d20f37eb80af20d47717b11412442c,data/captures/sites/www_nytimes_com_20260529_160402/layer1.png,remote_reachable_blob,
data/captures/sites/www_nytimes_com_20260529_160707/layer1 2.png,395227,1f1acd7db0a4b7ae75a858348f273aa9e1ffb17787a6d873a929cfdcbb7ef379,beeee8e82a9b5801e355506914fa8a82b0cb4d43,data/captures/sites/www_nytimes_com_20260529_160707/layer1.png,remote_reachable_blob,
data/captures/sites/www_nytimes_com_20260529_161016/layer1 2.png,394750,3a217523486891e271874f2b857fd0e2d642c682ab8b811af4e89978fbd140fc,f1fe6335624625d566efe71963f0f11f2c40a701,data/captures/sites/www_nytimes_com_20260529_161016/layer1.png,remote_reachable_blob,
data/captures/sites/www_nytimes_com_20260529_184912/layer1 2.png,466242,e605e30226de951d93d69d0704b26039a9b84682d5eee5cd50db6364aced834b,d3c64981c673e00110875fd79bd086f29cedc960,data/captures/sites/www_nytimes_com_20260529_184912/layer1.png,remote_reachable_blob,
data/captures/sites/www_reddit_com_20260529_154733/layer1 2.png,75853,09257e5194a97b035720233cd6abf610c1887316f387f22c0c9077ec42d8f198,1846f1f31d4ced2ef7b821a91ca7af344269b98f,data/captures/sites/www_reddit_com_20260529_154733/layer1.png,remote_reachable_blob,
data/captures/sites/www_reddit_com_20260529_154950/layer1 2.png,75853,09257e5194a97b035720233cd6abf610c1887316f387f22c0c9077ec42d8f198,1846f1f31d4ced2ef7b821a91ca7af344269b98f,data/captures/sites/www_reddit_com_20260529_154950/layer1.png,remote_reachable_blob,
data/captures/sites/www_reddit_com_20260529_155249/layer1 2.png,75853,09257e5194a97b035720233cd6abf610c1887316f387f22c0c9077ec42d8f198,1846f1f31d4ced2ef7b821a91ca7af344269b98f,data/captures/sites/www_reddit_com_20260529_155249/layer1.png,remote_reachable_blob,
data/captures/sites/www_reddit_com_20260529_160133/layer1 2.png,75853,09257e5194a97b035720233cd6abf610c1887316f387f22c0c9077ec42d8f198,1846f1f31d4ced2ef7b821a91ca7af344269b98f,data/captures/sites/www_reddit_com_20260529_160133/layer1.png,remote_reachable_blob,
data/captures/sites/www_reddit_com_20260529_160418/layer1 2.png,75853,09257e5194a97b035720233cd6abf610c1887316f387f22c0c9077ec42d8f198,1846f1f31d4ced2ef7b821a91ca7af344269b98f,data/captures/sites/www_reddit_com_20260529_160418/layer1.png,remote_reachable_blob,
data/captures/sites/www_reddit_com_20260529_160716/layer1 2.png,75853,09257e5194a97b035720233cd6abf610c1887316f387f22c0c9077ec42d8f198,1846f1f31d4ced2ef7b821a91ca7af344269b98f,data/captures/sites/www_reddit_com_20260529_160716/layer1.png,remote_reachable_blob,
data/captures/sites/www_reddit_com_20260529_161027/layer1 2.png,75853,09257e5194a97b035720233cd6abf610c1887316f387f22c0c9077ec42d8f198,1846f1f31d4ced2ef7b821a91ca7af344269b98f,data/captures/sites/www_reddit_com_20260529_161027/layer1.png,remote_reachable_blob,
data/captures/sites/www_reuters_com_20260529_155245/layer1 2.png,39793,8dba92cfe26e61b7ec5af512f5246782f0f63a01459a9fb17b5ea4584ab56b30,44175883ed7f52b8484d83f258727563a670fe27,data/captures/sites/www_reuters_com_20260529_155245/layer1.png,remote_reachable_blob,
data/captures/sites/www_reuters_com_20260529_160131/layer1 2.png,39640,e876cf53b1d8fa35368fa0bcecc61e16f4d3986f03bda9b670fdd99b5d8c2093,72f9173402855c8be89864e5c169febcb1f925b1,data/captures/sites/www_reuters_com_20260529_160131/layer1.png,remote_reachable_blob,
data/captures/sites/www_reuters_com_20260529_160415/layer1 2.png,39339,98148e39e9eb389cf24f648d8a7686d6dd7a7d6b2ad02368d2ba4636be3b0c38,6ac940f04d1b5c2d89d512918f25ed9cef84af04,data/captures/sites/www_reuters_com_20260529_160415/layer1.png,remote_reachable_blob,
data/captures/sites/www_reuters_com_20260529_160713/layer1 2.png,39834,59a7d57ad1be672c9cea43be0720e7e50d128f81e46e221e4ce5177fa24756f6,d51ce96599a1ac1c974b1344035b21f1f8130fc6,data/captures/sites/www_reuters_com_20260529_160713/layer1.png,remote_reachable_blob,
data/captures/sites/www_reuters_com_20260529_161025/layer1 2.png,39329,396bab62dbd99d6155b5ebf137b87d423ec683f8232721f5659785d3725cf2e2,148d8c200dbf0eba3b8f08d7c5759578da2e3963,data/captures/sites/www_reuters_com_20260529_161025/layer1.png,remote_reachable_blob,
data/captures/sites/www_spotify_com_20260529_173759/layer1 2.png,19583,d46410f7355c881895171e8da68cb76e2d76839d1fcf98e462962b42398f30f5,7c357d4eedbac4741293d74f53ca9c2cb3a6c640,data/captures/sites/www_spotify_com_20260529_173759/layer1.png,remote_reachable_blob,
data/captures/sites/www_spotify_com_20260529_184935/layer1 2.png,164723,1d66c936cbcb9f31c9bb2e105bcf00ef32b83243a338906ec2a262bd938f17fe,f532dcf9c846c11f383c31bd80e9d9fc5b500814,data/captures/sites/www_spotify_com_20260529_184935/layer1.png,remote_reachable_blob,
data/captures/sites/www_theguardian_com_20260529_154711/layer1 2.png,272631,e2238e874e0baa80efbfdb5b1bdc3945f71a4258bd954600907f45c8858bbcc0,59950cc7ab479f003208a53934663ba9bfe6c1fb,data/captures/sites/www_theguardian_com_20260529_154711/layer1.png,remote_reachable_blob,
data/captures/sites/www_theguardian_com_20260529_154925/layer1 2.png,272631,e2238e874e0baa80efbfdb5b1bdc3945f71a4258bd954600907f45c8858bbcc0,59950cc7ab479f003208a53934663ba9bfe6c1fb,data/captures/sites/www_theguardian_com_20260529_154925/layer1.png,remote_reachable_blob,
data/captures/sites/www_theguardian_com_20260529_155210/layer1 2.png,272631,e2238e874e0baa80efbfdb5b1bdc3945f71a4258bd954600907f45c8858bbcc0,59950cc7ab479f003208a53934663ba9bfe6c1fb,data/captures/sites/www_theguardian_com_20260529_155210/layer1.png,remote_reachable_blob,
data/captures/sites/www_theguardian_com_20260529_160120/layer1 2.png,272631,e2238e874e0baa80efbfdb5b1bdc3945f71a4258bd954600907f45c8858bbcc0,59950cc7ab479f003208a53934663ba9bfe6c1fb,data/captures/sites/www_theguardian_com_20260529_160120/layer1.png,remote_reachable_blob,
data/captures/sites/www_theguardian_com_20260529_160342/layer1 2.png,272631,e2238e874e0baa80efbfdb5b1bdc3945f71a4258bd954600907f45c8858bbcc0,59950cc7ab479f003208a53934663ba9bfe6c1fb,data/captures/sites/www_theguardian_com_20260529_160342/layer1.png,remote_reachable_blob,
data/captures/sites/www_theguardian_com_20260529_160701/layer1 2.png,272631,e2238e874e0baa80efbfdb5b1bdc3945f71a4258bd954600907f45c8858bbcc0,59950cc7ab479f003208a53934663ba9bfe6c1fb,data/captures/sites/www_theguardian_com_20260529_160701/layer1.png,remote_reachable_blob,
data/captures/sites/www_theguardian_com_20260529_161010/layer1 2.png,272631,e2238e874e0baa80efbfdb5b1bdc3945f71a4258bd954600907f45c8858bbcc0,59950cc7ab479f003208a53934663ba9bfe6c1fb,data/captures/sites/www_theguardian_com_20260529_161010/layer1.png,remote_reachable_blob,
data/captures/sites/www_theguardian_com_20260529_181602/layer1 2.png,139803,a408457277df27145c920fb137c767ea06e4c01f02d56b8fdfb39f87d9df238e,87242457e1e0a6e2b0f81d8e673606691370d806,data/captures/sites/www_theguardian_com_20260529_181602/layer1.png,remote_reachable_blob,
data/captures/sites/www_theguardian_com_20260529_193456/layer1 2.png,139803,a408457277df27145c920fb137c767ea06e4c01f02d56b8fdfb39f87d9df238e,87242457e1e0a6e2b0f81d8e673606691370d806,data/captures/sites/www_theguardian_com_20260529_193456/layer1.png,remote_reachable_blob,
data/captures/sites/www_walmart_com_20260529_173749/layer1 2.png,381786,17766a54640331e1b819b2928ec147fd0bf5d24fc2676fac805ad21bd7cd9d41,34f2c4be540f1c372407db6b8c47f650df8bc5fa,data/captures/sites/www_walmart_com_20260529_173749/layer1.png,remote_reachable_blob,
data/captures/sites/www_walmart_com_20260529_184926/layer1 2.png,448794,b9335efa0dfdda3cd233ee4b1254deadf9f97c6a7adc47823b7716fb203b40ea,98599177ffc652591a363343d7cf70d93a9acd7a,data/captures/sites/www_walmart_com_20260529_184926/layer1.png,remote_reachable_blob,
data/captures/sites/www_wikipedia_org_20260529_154735/layer1 2.png,162361,a769d45af303379444f4479011b5745911f581d5b349f65843ef18e8466a44fc,c9f9fc3614ff0694549672a69dc910db5500d689,data/captures/sites/www_wikipedia_org_20260529_154735/layer1.png,remote_reachable_blob,
data/captures/sites/www_wikipedia_org_20260529_154953/layer1 2.png,162361,a769d45af303379444f4479011b5745911f581d5b349f65843ef18e8466a44fc,c9f9fc3614ff0694549672a69dc910db5500d689,data/captures/sites/www_wikipedia_org_20260529_154953/layer1.png,remote_reachable_blob,
data/captures/sites/www_wikipedia_org_20260529_155253/layer1 2.png,162361,a769d45af303379444f4479011b5745911f581d5b349f65843ef18e8466a44fc,c9f9fc3614ff0694549672a69dc910db5500d689,data/captures/sites/www_wikipedia_org_20260529_155253/layer1.png,remote_reachable_blob,
data/captures/sites/www_wikipedia_org_20260529_160136/layer1 2.png,162361,a769d45af303379444f4479011b5745911f581d5b349f65843ef18e8466a44fc,c9f9fc3614ff0694549672a69dc910db5500d689,data/captures/sites/www_wikipedia_org_20260529_160136/layer1.png,remote_reachable_blob,
data/captures/sites/www_wikipedia_org_20260529_160420/layer1 2.png,162361,a769d45af303379444f4479011b5745911f581d5b349f65843ef18e8466a44fc,c9f9fc3614ff0694549672a69dc910db5500d689,data/captures/sites/www_wikipedia_org_20260529_160420/layer1.png,remote_reachable_blob,
data/captures/sites/www_wikipedia_org_20260529_160718/layer1 2.png,162361,a769d45af303379444f4479011b5745911f581d5b349f65843ef18e8466a44fc,c9f9fc3614ff0694549672a69dc910db5500d689,data/captures/sites/www_wikipedia_org_20260529_160718/layer1.png,remote_reachable_blob,
data/captures/sites/www_wikipedia_org_20260529_161030/layer1 2.png,162361,a769d45af303379444f4479011b5745911f581d5b349f65843ef18e8466a44fc,c9f9fc3614ff0694549672a69dc910db5500d689,data/captures/sites/www_wikipedia_org_20260529_161030/layer1.png,remote_reachable_blob,
data/cmp_review_confirmation_sheet_pilot_2026-05-30 2.csv,2912,91ace59665983cb6ba6e1633060c0c0dcf32153d9d40d51c259490e6f8465d61,79cd672878cc8112df5fd90afcc2511eba9a54d4,data/cmp_review_confirmation_sheet_pilot_2026-05-30.csv,remote_reachable_blob,
data/cmp_review_decision_draft_pilot_2026-05-30 2.csv,2752,af30b9c65e42896c209f807a2f3fc3c32f262e4d07a44de2041a02dbed1e4b2c,3ed5e76f76bff43a7e518096ba116ba7158abc0e,data/cmp_review_decision_draft_pilot_2026-05-30.csv,remote_reachable_blob,
data/cmp_review_packet_pilot_2026-05-30/contact_sheet 2.png,361983,76e53974a19514eb13bfdbf09e4d5c2f56fccd34d4e7007e3397b43d70327a2d,d3ea46008f8f195e4fd2cbde50ef30103a1aed3c,data/cmp_review_packet_pilot_2026-05-30/contact_sheet.png,remote_reachable_blob,
data/cmp_review_packet_pilot_2026-05-30/index 2.html,14343,45ec70b4fb1dd2e5e36bd0f1d40b53d46c06b52e7c2ce6aca7caf75f05ee9250,54fb94fbb5ab8a25db1fd64700d53b08951e4ca1,data/cmp_review_packet_pilot_2026-05-30/index.html,remote_reachable_blob,
data/cmp_review_packet_pilot_2026-05-30/index 2.md,5679,08a3b957c7b1edcecf39ae349324256153a6d959a7bf9c34f0726a24d9bef2bb,78b6d74f62052bf36c4f2b14ce0bb4e04e0b99b1,data/cmp_review_packet_pilot_2026-05-30/index.md,remote_reachable_blob,
data/cmp_review_queue_pilot_2026-05-30 2.csv,5541,8ccc287573b999f8f23983ee83d8a832f54f470d77999fb32b2e8f777cbe9a68,b4c5055e5db95ae38b4ae9083bb583e996fce85a,data/cmp_review_queue_pilot_2026-05-30.csv,remote_reachable_blob,
data/cmp_review_rerun_targets_pilot_2026-05-30 2.csv,1042,9fc17a0167a5cd4bbb50ed1c6c45bbd54021ede911211350b8435df4b285afc2,69f8f54e9e39c788844aa3e8d7657fc351f24a8f,data/cmp_review_rerun_targets_pilot_2026-05-30.csv,remote_reachable_blob,
data/cmp_review_suggestions_pilot_2026-05-30 2.csv,2503,618702fb8902591d67ae689a63c8885476858272b79760cdf35f3ed301f344ce,6a6c89463bcaa86c68d2b7aac7a886f7fff918c4,data/cmp_review_suggestions_pilot_2026-05-30.csv,remote_reachable_blob,
data/cmp_review_worksheet_pilot_2026-05-30 2.csv,5725,09d1554986feba2d03eb469925d1ac194136f25255523ff789289caf4d3e9bab,0bb7f03299cf2ab711e667650f83de0402460558,data/cmp_review_worksheet_pilot_2026-05-30.csv,remote_reachable_blob,
data/consent_table_pilot_2026-05-30 2.csv,10949,d1a3af7018062ef4cbd4f3f3e95b62e72680e5d937dc2aadfa0249ccce629e40,e498dc6ec54f4f2917066f9de203611a8846851e,data/consent_table_pilot_2026-05-30.csv,remote_reachable_blob,
data/consent_table_replacements_2026-05-30 2.csv,1413,3fbae3db04ad73526ad890dd1898c6224c88dbd07ac079de331d2b81823d1216,12a82a772b86ba318c36915218087e158f3b8f43,data/consent_table_replacements_2026-05-30.csv,remote_reachable_blob,
data/consent_table_replacements_batch2_2026-05-30 2.csv,1808,2c821090feb64c62fd278c0a270cc958dcebe94314dbfaff55ba00700a127346,50add69f260a3fa9fcac44ea421f24632df31a4f,data/consent_table_replacements_batch2_2026-05-30.csv,remote_reachable_blob,
data/consent_table_smoke_2026-05-29 2.csv,2490,de4772866d878ba7d4af78505bacf082061e080f5929d7b770467dee7f74c757,bfa70102c5ae1e66a63315c83b248d8697a666a7,data/consent_table_smoke_2026-05-29.csv,remote_reachable_blob,
data/consent_table_template 2.csv,302,6378441133bcfb7d07273c177712523befc23f9ad2afe9f8af7383b1a2e54b09,55373b9dec8c82d5bd911d87d9fb732f2bd4247d,data/consent_table_template.csv,remote_reachable_blob,
data/deep_sample_candidates 2.csv,1924,809395a7db82ac5f4e123ccf877d05d476e50bd379393356798f316c8ee82207,f232916c297df618264471e7f3ebbf8c48617b8a,data/deep_sample_candidates.csv,remote_reachable_blob,
data/deep_sample_weekly_targets_expanded_2026-05-30 2.csv,689,c4633181daa957ac21a11b8af807a386fba760e762793a91fbd5c2d4f283cdb2,df813e779ba82f0b51e5a1d3fa40982dc6ac44e6,data/deep_sample_weekly_targets_expanded_2026-05-30.csv,remote_reachable_blob,
data/deep_sample_weekly_targets_pilot_2026-05-30 2.csv,543,51b5e2ab448615b954091d9687e5b1e1b7668ace53c08500e2275c8d70261f74,75f9aa816193eff948664053b361706d070f15bf,data/deep_sample_weekly_targets_pilot_2026-05-30.csv,remote_reachable_blob,
data/longitudinal_summary 2.csv,6532,0eb131dc07c28122a35caaec50aa776b354c978f06bcffdd13ed94f9e51786e3,02a75d2429c69470a70e16311fd46af0e3361dca,data/longitudinal_summary.csv,remote_reachable_blob,
data/pilot_weekly_targets_2026-05-30 2.csv,865,b8d87ef9691efeadbfdbd5a2fa0befe16c68c471d2bc9417dd6bfdf305026606,48afc13921915e2cbf5d3750f0cc17f45884f942,data/pilot_weekly_targets_2026-05-30.csv,remote_reachable_blob,
data/replacement_candidates_2026-05-30 2.csv,1198,9f1700bb28b27b4bba92a8c043144a3a072fd0de7c2d31b99254fdda176b5bb1,56dbb53733b289cbfbc86d337fd45fc6e11152f5,data/replacement_candidates_2026-05-30.csv,remote_reachable_blob,
data/replacement_candidates_batch2_2026-05-30 2.csv,1850,c2408b207ef4c15c7839fb72c5eede133e02af0acab399853bd0c0e215eb82d9,58cd84cdd62bc60b3d402597fa941030811e074f,data/replacement_candidates_batch2_2026-05-30.csv,remote_reachable_blob,
data/replacement_candidates_batch2_contact_sheet_2026-05-30 2.png,358795,1fea4d151281c5025922e5e38825b0f30aea2fa2cbd5712db8d9f4faff058a9c,4422f9be22644421b0769a9cb65a46c38feb01ed,data/replacement_candidates_batch2_contact_sheet_2026-05-30.png,remote_reachable_blob,
data/replacement_candidates_contact_sheet_2026-05-30 2.png,365597,019940c5bea3e5e6accf1105a30964396954faef17cfdb794c6ed62ffad9bb59,d20182f55e4ea9228c2f40e5f8f907cade7c5743,data/replacement_candidates_contact_sheet_2026-05-30.png,remote_reachable_blob,
data/replacement_review_batch2_2026-05-30 2.csv,5077,edb8c36c6579eae19c02f61ebcb795b405b140c8518e8eecd4028d845226be15,495310482e1eada2efe5a890a38d77bc501c8986,data/replacement_review_batch2_2026-05-30.csv,remote_reachable_blob,
data/replacement_weekly_targets_2026-05-30 2.csv,203,65c28d918accb4cf00253e85545008b104016cc6c90f39d24208a1d878e50e96,37395a889fa5e086d4de50e9f464835c2b2803c8,data/replacement_weekly_targets_2026-05-30.csv,remote_reachable_blob,
data/replacement_weekly_targets_batch2_2026-05-30 2.csv,546,f6456e4026f2943688ec801d761e6069b4a45acaad8134d0fc7391e010c15125,c477c7384c29228c70897db883974f90f455305a,data/replacement_weekly_targets_batch2_2026-05-30.csv,remote_reachable_blob,
data/reports/audit_reports 2.jsonl,454042,f321553ddf576b4edcb1ed39afbd07ad14e5b8a76e1faa272f0ce34fc4689902,8ded98bba1e1286c4895de478bda6da5fbbfe844,data/reports/audit_reports.jsonl,remote_reachable_blob,
data/reports/weekly_summaries 2.jsonl,21870,84e1403a44e37132ab7556bfafcd6f9fc7f41e4310502f2e701d568bcd9e23de,d3b663111fe764b3d6c90f0b4521d1215536c37e,data/reports/weekly_summaries.jsonl,remote_reachable_blob,
data/research_package/audit_report_summary 2.csv,20678,403321d83dae36bb96aa820f0d628a743fcf240193eadb5e500f0af5c5d70196,fa56db64ea39b51b86235c6c42849ddbade77dda,data/research_package/audit_report_summary.csv,archived_unique_blob,archive/local_recovery_2026-08-11/desktop_stale_clone_unique/data/research_package/audit_report_summary 2.csv
data/research_package/longitudinal_summary 2.csv,9141,f1069383db8bd2ac9b777eaefbff26d4134490c55d397198275db0f5602258c0,bc2e3809f3ff5036d712594a561f0286b41555f4,data/research_package/longitudinal_summary.csv,remote_reachable_blob,
data/research_package/research_manifest 2.json,244,c05bd607428afc6da6c3c4698d318a6e00845b328a4972eee1072d8e648212f0,f2eab3a6ba40964b177822e24fb183adbd9482ad,data/research_package/research_manifest.json,archived_unique_blob,archive/local_recovery_2026-08-11/desktop_stale_clone_unique/data/research_package/research_manifest 2.json
data/sample_action_queues_pilot_2026-05-30/manual_review_queue 2.csv,3288,c960c4d776b420252c08d96ae3c61980b54185b1b6167b362dc792b8215a2b35,5f4102a43b042f4f2ec8c2c7a99cc0d7b9226d9e,data/sample_action_queues_pilot_2026-05-30/manual_review_queue.csv,remote_reachable_blob,
data/sample_action_queues_pilot_2026-05-30/optional_control_queue 2.csv,447,5949f2a5cc621512fb368722998ce0903725fe6debdb8bbf9d5116994334efce,02c84ae7c340b87e0be15034f506eb1391798588,data/sample_action_queues_pilot_2026-05-30/optional_control_queue.csv,remote_reachable_blob,
data/sample_action_queues_pilot_2026-05-30/queue_manifest 2.csv,150,c7b74be23152c3a648b05d7c8c766fd0dbc0a1d94010d1214c36ff28bd0ed24f,31fe1fe01b922a6c003d0c199aaadbc729154475,data/sample_action_queues_pilot_2026-05-30/queue_manifest.csv,remote_reachable_blob,
data/sample_action_queues_pilot_2026-05-30/replacement_review_queue 2.csv,690,377f4824d7f58eba3f808d811071087740537b3c915765f1507366d5123dd6b1,fb23479208be29931f371593727d3e970345ce43,data/sample_action_queues_pilot_2026-05-30/replacement_review_queue.csv,remote_reachable_blob,
data/sample_action_queues_pilot_2026-05-30/rerun_capture_queue 2.csv,188,6a97d41cf8c09a629a0d7b867011aca83b803ceae0ec655c3be75adf15a3444b,8eba68a6840f43a44c0935203a76abb605b74ae5,data/sample_action_queues_pilot_2026-05-30/rerun_capture_queue.csv,remote_reachable_blob,
data/sample_action_queues_pilot_2026-05-30/weekly_capture_shortlist 2.csv,1151,fe4f02ad8b721cb5274c9fa54c43db76bee4179c331f89cf777ded677f62e026,1cedffd311057db3d4d85db84785a1fb9401b338,data/sample_action_queues_pilot_2026-05-30/weekly_capture_shortlist.csv,remote_reachable_blob,
data/sample_lock_plan_pilot_2026-05-30 2.csv,4668,1025c5953a12ed96d1247fd8246a8420c07d05d491cc155148047dac367e2799,2b80cbed6804157cf2b150cc892c8faf8cdc1591,data/sample_lock_plan_pilot_2026-05-30.csv,remote_reachable_blob,
data/sample_readiness_pilot_2026-05-30 2.csv,4622,f118db0f172e5d1dabba7e8261514a6e9c2f2accd4297108be49d7853c347ffb,85e32f72f73a40b7ab1f6ba950cdf9f5ff7625e4,data/sample_readiness_pilot_2026-05-30.csv,remote_reachable_blob,
data/sample_readiness_smoke_2026-05-29 2.csv,3885,6277d1ae9b536c4701047d26beb6dd2ac36b6b810093b7a5d852cfb8030d24fc,d609b9d89ecfbf9b9b93290001ba7f1a6a85468b,data/sample_readiness_smoke_2026-05-29.csv,remote_reachable_blob,
data/week2_deep_sample_targets_2026-06-06 2.csv,804,bd9c4ebbfa1647cf74a3f1ac9d48232deda5e95e54159fb38f95aac4f8a165b1,264a0460eeaccab7dc12b00bec0ab42c905c52b7,data/week2_deep_sample_targets_2026-06-06.csv,remote_reachable_blob,
docs/research/advisor_email_draft_2026-06-05 2.md,2767,980801c414f33b99d0d397c261e155db38163928ba251a271594dd0169853693,b89da4877c2c8c44ae143bcb49d0f2c306c9d444,docs/research/advisor_email_draft_2026-06-05.md,remote_reachable_blob,
docs/research/advisor_email_post_capture_draft_2026-06-06 2.md,4614,d972208aab4db73f65b82f7ebbcd25dcd7fc07be17af37664215104383528250,1616e5e9e005f8eb8e20d564aebc381fd43c6b9c,docs/research/advisor_email_post_capture_draft_2026-06-06.md,archived_unique_blob,archive/local_recovery_2026-08-11/desktop_stale_clone_unique/docs/research/advisor_email_post_capture_draft_2026-06-06 2.md
docs/research/advisor_guideline_alignment_audit_2026-06-05 2.md,3278,60c39a1e23377639d19d927d2761bd46ffb37131ebd1cbcd5b5f5deafd6fbc9e,87d79bbbd31151dad78e58d8bc550cbb0646237b,docs/research/advisor_guideline_alignment_audit_2026-06-05.md,remote_reachable_blob,
docs/research/advisor_meeting_pm_brief_2026-05-31 2.md,14857,82ff57c2ae4137b6d2a2bd03a3ae1928d229c04a97f2432aaa1b56ba6f0d70b0,bfab39ad2c4aea1ded461da29b752776e9327e1c,docs/research/advisor_meeting_pm_brief_2026-05-31.md,remote_reachable_blob,
docs/research/advisor_packet_index_2026-06-05 2.md,3928,d2927cad6eb8642694e2a544ce1e2c660f0811877cd9bbd682da542d9aa54c6f,112360781afe3bb65d2403c47dcba1d9530f7ffe,docs/research/advisor_packet_index_2026-06-05.md,archived_unique_blob,archive/local_recovery_2026-08-11/desktop_stale_clone_unique/docs/research/advisor_packet_index_2026-06-05 2.md
docs/research/advisor_response_action_plan_2026-06-05 2.md,4729,8b1cf4e1afcc402c880f5e2a5ba4d16cf65ed907794de21ff4ea69f4affa6ec2,0f4df9ba5a538ca96d2afeac19ecf1a98a382b96,docs/research/advisor_response_action_plan_2026-06-05.md,remote_reachable_blob,
docs/research/cmp_confirmation_request_2026-05-30 2.md,4093,6b3e07ec8c256ee1346b558ea4b4550c516ae6ea214ffb48339b52abf0f1caa3,680379e1afdd816e62fca5e8a779dc0b5d0fe763,docs/research/cmp_confirmation_request_2026-05-30.md,remote_reachable_blob,
docs/research/cmp_manual_review_brief_2026-05-30 2.md,4903,d3305904f46d4d30528c938600bddd1ff207498ee0fc411f6a402f6c047c74e6,59898ff8c99d10eca271689422ea5d8e80e59fe4,docs/research/cmp_manual_review_brief_2026-05-30.md,remote_reachable_blob,
docs/research/consent_table_schema 2.md,2019,1ee2efc6fbf5257bb0af3bb1b80ddde5a6674214ea6ad973c4f4f7280b7ab0a8,effcabd60212cb9233889248a65a16f2ec9ad681,docs/research/consent_table_schema.md,remote_reachable_blob,
docs/research/expanded_weekly_capture_brief_2026-05-30 2.md,2295,9e0c0342f29ca39df3f2a7c1afda880e0eaf7cc4d66c5b0bf18ecdf1431e12b8,0ed214847c237d8450ba12171e27e41c5245065c,docs/research/expanded_weekly_capture_brief_2026-05-30.md,remote_reachable_blob,
docs/research/folder_structure_guide_2026-05-31 2.md,22211,3538d9ba434720583ea8ee4bc6eff42405e91ef91324e4895e2230b01b20edb8,94ee3cef30c7392f2883cf3e869aca3afe4dda94,docs/research/folder_structure_guide_2026-05-31.md,remote_reachable_blob,
docs/research/post_capture_advisor_update_template_2026-06-06 2.md,2903,dfb49af2985684ab0345f405f59b6e6abda9f4dd6a416f9a9ed01d36dbe9e75a,1b8de6cd6834e2b2cc6f879e955cef711991f235,docs/research/post_capture_advisor_update_template_2026-06-06.md,remote_reachable_blob,
docs/research/replacement_probe_batch2_brief_2026-05-30 2.md,3702,61fb9164f20a75072d3243c9a358f630469c56ec4cf958d8901d38cc2c2b6e87,12399ee1b7f404e1b7493f153925ecfa89a97601,docs/research/replacement_probe_batch2_brief_2026-05-30.md,remote_reachable_blob,
docs/research/replacement_probe_brief_2026-05-30 2.md,3076,5137eedfae6fa3d8f86449ef00fb5b781753702078502a2972ad863348dc97d7,959ee64ad6fe1d2d93bba3c3c4c80cc2ea9c585d,docs/research/replacement_probe_brief_2026-05-30.md,remote_reachable_blob,
docs/research/sample_strategy 2.md,14660,574e74146d3ac3f6bd21c9a5c79e6f2bebaaf212ba52429c473379df9e7d07b6,6399a11066b4770026c2743193e5ecd090b847ac,docs/research/sample_strategy.md,remote_reachable_blob,
docs/research/ssrp_claim_register_2026-06-06 2.md,2853,5c3d7f96672d1cd45f41f3cd0325e6e8274ba1e42965c71c0f21c6b2692be333,ffbf497b3d3ac1f830e09749aa1cab0308e149fd,docs/research/ssrp_claim_register_2026-06-06.md,archived_unique_blob,archive/local_recovery_2026-08-11/desktop_stale_clone_unique/docs/research/ssrp_claim_register_2026-06-06 2.md
docs/research/ssrp_figure_plan_2026-06-06 2.md,3183,d6e3c0a619c5b92bf39bf23ea77ddec62474831c97330980feef60e638db8bdb,46e424f974a55a6ed91ca14565f027fcd58846b8,docs/research/ssrp_figure_plan_2026-06-06.md,remote_reachable_blob,
docs/research/ssrp_paper_outline 2.md,3738,e7b1a71e8c697000d77777f38c2dbce2d0115f621c3b4fb5c830ec54b008f3e8,db1f1c9209ef28070b9161bdf67ea2733aca9ec6,docs/research/ssrp_paper_outline.md,remote_reachable_blob,
docs/research/ssrp_paper_skeleton_2026-06-06 2.md,3974,ec2f63b0e9816ea89c1dafc11baa43555ad9586ae8e7bb2d9b5826e5f8133f63,5b0376f6f8fef2edfbdf149f3e6e7d6d6425fcd9,docs/research/ssrp_paper_skeleton_2026-06-06.md,archived_unique_blob,archive/local_recovery_2026-08-11/desktop_stale_clone_unique/docs/research/ssrp_paper_skeleton_2026-06-06 2.md
docs/research/ssrp_poster_plan_2026-06-06 2.md,3720,c72caa8a89b7a2cec8f8cfdda0cf51cd411c2d8eb759fc940c672fdf74fa894f,11ef95ba1da0b5467c80c7eee4d5f89636a1b738,docs/research/ssrp_poster_plan_2026-06-06.md,archived_unique_blob,archive/local_recovery_2026-08-11/desktop_stale_clone_unique/docs/research/ssrp_poster_plan_2026-06-06 2.md
docs/research/ssrp_project_clarity_plan_2026-05-30 2.md,8654,8eae1f35086abfd0041ffb2d40d5870a18d0a05c2c2963295d03c34f526516ce,c9607dd48f29e130ddc2d6955786ad2a3130027c,docs/research/ssrp_project_clarity_plan_2026-05-30.md,remote_reachable_blob,
docs/research/ssrp_remaining_work_audit_2026-05-30 2.md,6442,5d5b087309818922efe51a3f29ca72aedfd3862dfb5f24b207e84128a1da7863,d215157e672e491a0722bbc99788d0e30bdff738,docs/research/ssrp_remaining_work_audit_2026-05-30.md,remote_reachable_blob,
docs/research/ssrp_results_tables_2026-06-06 2.md,3127,230aacc241ee5d0c239c3d3032d4856da4629b8bcec3dabebb07c8bd726e51ce,f97ab8a9c2c70f15686618198904d8b668758150,docs/research/ssrp_results_tables_2026-06-06.md,archived_unique_blob,archive/local_recovery_2026-08-11/desktop_stale_clone_unique/docs/research/ssrp_results_tables_2026-06-06 2.md
docs/research/ssrp_writing_pack_2026-06-06 2.md,3550,ba9f8c99a5ae40f8f1d633a08e15b8b7214e81a52b3d2a25efee6709cefd00c7,31cde57838b8c944e5799392470c37f7a5e1c3f5,docs/research/ssrp_writing_pack_2026-06-06.md,archived_unique_blob,archive/local_recovery_2026-08-11/desktop_stale_clone_unique/docs/research/ssrp_writing_pack_2026-06-06 2.md
docs/research/week2_advisor_update_2026-06-06 2.md,1073,ef778b878d998ff650f0736eb8ca69172dca79656724c24e6c48df8912d72196,9579e95b39c29eea7ebde251a099b229815a531f,docs/research/week2_advisor_update_2026-06-06.md,remote_reachable_blob,
docs/research/week2_capture_day_checklist_2026-06-06 2.md,1631,7e4c9ef020f292e3179ddf81c21918ace526dedde70ce4938dee4ede4016c467,043cae052ccc92f75d85799d24e9c63a0542800b,docs/research/week2_capture_day_checklist_2026-06-06.md,remote_reachable_blob,
docs/research/week2_checkin_index_2026-06-06 2.md,1844,dc0e7d1732a7f12db16d802dc61d8ce25068080f3dd5f2baad3652ad99ca2b71,4ebff4e16b22044f544549308709b2ad9f420f9c,docs/research/week2_checkin_index_2026-06-06.md,remote_reachable_blob,
docs/research/week2_cycle_report_2026-06-06 2.md,812,5784407d0e69b61f9de087dfb805c679e16f63ff72f8ec62ea50481cdbdee573,230843c6cc2de864afacebb5368cb5ed8a2701e1,docs/research/week2_cycle_report_2026-06-06.md,remote_reachable_blob,
docs/research/week2_execution_runbook_2026-06-06 2.md,9005,ffe155ca16ea1f25181e6dd0ef109c31a748c73521d317fb4e9ff19f42b80977,e553c3e7542e4fd409ed9757666b269ded3c1a60,docs/research/week2_execution_runbook_2026-06-06.md,remote_reachable_blob,
docs/research/week2_preflight_check_2026-06-06 2.md,1269,600f8a7c8c61b495a4c275b2bd9d16a92288b686f09225ac10170f4388a3b006,522da4a900eaee1b84c62b54f0a07b80dab2105c,docs/research/week2_preflight_check_2026-06-06.md,remote_reachable_blob,
docs/research/week2_refresh_report_2026-06-06 2.md,1196,630b860fe1910f7222e51492d011d433585ff3f77dc088bf7eb13dcd8bbcd489,054f8aec53f2c0d5bff32cbafdbd062d5659bd2d,docs/research/week2_refresh_report_2026-06-06.md,remote_reachable_blob,
docs/research/week2_sample_plan_2026-05-30 2.md,3230,57e91a3cb03273576c698cefe99e0e9e1c4b0de80273a428a9bc4bce0da6cfb9,7c50d6ac44bcfe152f7ad56ff5986ff5560f5aca,docs/research/week2_sample_plan_2026-05-30.md,remote_reachable_blob,
docs/research/week2_sanity_check_2026-06-06 2.md,814,32958ab4dab1151d4e5828d2cb127317798afffc2a99cf888b0874acc51a599c,b2087db858c2e46b89f76caf372a15a5c4829f25,docs/research/week2_sanity_check_2026-06-06.md,remote_reachable_blob,
findings 2.md,50724,c27fcf8f35b76dc756afb3ac8b89eab0ea391c677a2c3df4d14f492e884a17be,323e25e76af2c395b183d5f18e8e0d214b9667df,findings.md,archived_unique_blob,archive/local_recovery_2026-08-11/desktop_stale_clone_unique/findings 2.md
progress 2.md,144362,db58452b5409f5f70a6b6e7537f37eb580c7aa81fd6ea21434975dcf899b283b,f3f04d0f782366254a5a8d2b02a8fcc9300e47cf,progress.md,archived_unique_blob,archive/local_recovery_2026-08-11/desktop_stale_clone_unique/progress 2.md
scripts/__init__ 2.py,51,b15f92ea482cac9c6ca743a39357857fbe5869472d78c401bbbcd9ad99db8b58,5b668b7108c20d10ff7caa6376de206871008da2,scripts/__init__.py,remote_reachable_blob,
scripts/_bootstrap 2.py,314,e0d5102d8015f3bf3eb2fb4672efe1712bcb9caf25b5480e79d7ce15711f8b0a,e4ffbf49471893f1cf5a29639ea7e297a53b3940,scripts/_bootstrap.py,remote_reachable_blob,
scripts/export_audit_reports 2.py,866,e4ca5b76a32a7f1e52342a5904b9320296c8f0a70a7e500e39b32a7df3bf151d,1a430f888c9e6a27fb074838ec403b9b17023cf3,scripts/export_audit_reports.py,remote_reachable_blob,
scripts/export_longitudinal_summary 2.py,908,05a86b2b0d6af5bf382e65cce93126aebfc1785c8acf5f910951aa555aaeba4f,39a0b427a10cbec2e49de114393e8f163d42ce4c,scripts/export_longitudinal_summary.py,remote_reachable_blob,
scripts/export_research_package 2.py,933,b03963baf7e1295df5eb4c639c662c79276de7ba949de14b7de918da6b2e96a8,41348ee6b07464efcbe4f5250a29ceeb3d396fb6,scripts/export_research_package.py,remote_reachable_blob,
src/consent_audit/access_probe 2.py,9246,3e56bbeddcb7aba9206545870f1fb0c2d1c81c75088cb23b3dc9a40d142c183f,c803618659ee5be5a8965543934f5aac8d0e8d81,src/consent_audit/access_probe.py,remote_reachable_blob,
src/consent_audit/access_probe_summary 2.py,3353,2ebf765f63378ee08a9eaf86ee09226cf0c057a751bf5506baeaf09cd32ba1c9,b2855b20ace69369ee796018bf69d9618a4ec0a1,src/consent_audit/access_probe_summary.py,remote_reachable_blob,
src/consent_audit/advisor_brief 2.py,6188,cbabaff31e3d1f02cc7887063948a66d30fc12bc71b84701ce6285d6ecc73555,ec38fe92293af055d8325b1969ae9e20726e2153,src/consent_audit/advisor_brief.py,remote_reachable_blob,
src/consent_audit/audit_export 2.py,3325,7cae2b992efd1520eeab595e7e2de3b4caca8e1ea9f164f5ea9408c39bdccae4,b6c85bf44a19c87636419b37e8b9a386287049c0,src/consent_audit/audit_export.py,archived_unique_blob,archive/local_recovery_2026-08-11/desktop_stale_clone_unique/src/consent_audit/audit_export 2.py
src/consent_audit/checkin_index 2.py,5535,cf3047210d9040fb392c61bb60153293a3ea0275e2e2c6a013c750107c08fcd5,039964f7219f7e21d3f6cd7336dc600905ef4611,src/consent_audit/checkin_index.py,remote_reachable_blob,
src/consent_audit/cmp_review 2.py,34040,3c563f0934a747f33a6335404d0511b7ea5bc076bc045f5714c6b617b2620a65,f0ab3839b26a93cf1e7d24940116cb8d9cf67766,src/consent_audit/cmp_review.py,remote_reachable_blob,
src/consent_audit/consent_table 2.py,3845,97f01b52e1c898d90995f2b265ab2b79ecdc73fbdc03a3e139aaf2f6b094a464,2440131abe277045fc569315f8b53818d3650081,src/consent_audit/consent_table.py,remote_reachable_blob,
src/consent_audit/longitudinal_export 2.py,2272,94fbf811116511b07a674b46a154c57eb09b0ab3687b539d38393d2898a7ba8c,498ed06536fa36ae58019d73fbec6cb33f381985,src/consent_audit/longitudinal_export.py,remote_reachable_blob,
src/consent_audit/paper_claims 2.py,11613,7d9b1a119fb1eb70127f66cf9dbb88ea4123c13c0c3ddb03380e4e9be1637841,ac4f41088544969a84fdb103f951655ef407bdba,src/consent_audit/paper_claims.py,archived_unique_blob,archive/local_recovery_2026-08-11/desktop_stale_clone_unique/src/consent_audit/paper_claims 2.py
src/consent_audit/paper_figures 2.py,10962,d6c7db1574833ee721cedc0b0a7021c543ea26cd8c04e4cf1b95d6c724372be9,dd88e0877108eab287058340cb7ff6ea4b4408de,src/consent_audit/paper_figures.py,remote_reachable_blob,
src/consent_audit/paper_skeleton 2.py,9973,b65ab3cb05ce1f84db9b5b4d16493ef6f086a2e414e979e083574d5b75187388,5c07c8f59944d0ca09794b0bad9def86d3a83a67,src/consent_audit/paper_skeleton.py,archived_unique_blob,archive/local_recovery_2026-08-11/desktop_stale_clone_unique/src/consent_audit/paper_skeleton 2.py
src/consent_audit/paper_tables 2.py,8748,ac43ec41c55b6841c445c317a48930b27f89a05b2f0bc2a226defbe0f131b20e,6bdbfed31ff5840d6a4a193f2731624fbde1cb2b,src/consent_audit/paper_tables.py,archived_unique_blob,archive/local_recovery_2026-08-11/desktop_stale_clone_unique/src/consent_audit/paper_tables 2.py
src/consent_audit/paper_writing_pack 2.py,11335,d68824e062ba18b4abb5e613dd9aaf4ba24f0d9fc2f97495bbe636c890839661,5606b9f75d00463e0110b036633eeef113015583,src/consent_audit/paper_writing_pack.py,archived_unique_blob,archive/local_recovery_2026-08-11/desktop_stale_clone_unique/src/consent_audit/paper_writing_pack 2.py
src/consent_audit/pipeline 2.py,6816,0e5cc69f1b0bdcea0983b358dbf00c48877cc65b3cef931cba14efdf5d051a36,67c1a7c4bd0088cec6454960b3f1fc36284967d0,src/consent_audit/pipeline.py,remote_reachable_blob,
src/consent_audit/poster_plan 2.py,14100,6fdd3468a13462f01e5635d0273ec1307d190c498cf8dcc4612d9bee4b6cf890,574fc7c6485189de5df49aa4d7b9c8d115d50b27,src/consent_audit/poster_plan.py,archived_unique_blob,archive/local_recovery_2026-08-11/desktop_stale_clone_unique/src/consent_audit/poster_plan 2.py
src/consent_audit/replacement_review 2.py,10676,794860ff021967ad364f9186449a1aec1d0defb39ec802b1c416d987ba3be123,703b1c99aba20819dbf5d0268b39cf210c65a2a3,src/consent_audit/replacement_review.py,remote_reachable_blob,
src/consent_audit/research_package 2.py,1411,c585cca2312a5d453f01b8bba7a66d2ce0dcc095e2d379f1307c24d392bb552d,bbfdae36afc728c9930ec61ccf14d2ef2187b97b,src/consent_audit/research_package.py,remote_reachable_blob,
src/consent_audit/research_status 2.py,5398,ba7f65c4eedaec2066e4243bdeaec0030560ce0beb88637b78af5e43ae12d870,6c52c55764c320a5629debc975fec60ebba68adf,src/consent_audit/research_status.py,remote_reachable_blob,
src/consent_audit/sample_lock 2.py,10494,e8a14bb57769521d180a2f1e92e474c15504b980ba5be3fa34ab76262877a24d,8458337123bde1d40136b209aba7e8dfe947d04e,src/consent_audit/sample_lock.py,remote_reachable_blob,
src/consent_audit/sample_readiness 2.py,7104,1a705564207c5de53ca4927bcb889e7efa980f1c1d4cd08af6fcde25021e8d20,4af111826706917189f63491b41ff76eb708c356,src/consent_audit/sample_readiness.py,remote_reachable_blob,
src/consent_audit/site_list 2.py,4784,834531770b1ecc22f43b76f32ec92dc8ab4155c79efdedc41b9eb0391edef664,4e120ccdcd3878a93c868352834532e27276c522,src/consent_audit/site_list.py,remote_reachable_blob,
src/consent_audit/week2_checklist 2.py,4974,25e8917f2005f7e6538165c1dc5e559c32975cf6a2e5e7338d2440bca925679d,06791c605b34ef55f94916ff816d28f884322556,src/consent_audit/week2_checklist.py,remote_reachable_blob,
src/consent_audit/week2_cycle 2.py,16187,49e012a3c2966bf73a641cb2d267d12b2e2af86885ca6101f480ebd8af082b07,0bd1b5b2eddf681656ed7a50eecbde19bf4fd3da,src/consent_audit/week2_cycle.py,remote_reachable_blob,
src/consent_audit/week2_plan 2.py,1444,97f193d2c1b89d50129091db212ad4a67c63846c185a73cbbf55158c144bbe85,1d2a6abe9cebb6e01c6ece5eb2005c02ad60eb41,src/consent_audit/week2_plan.py,remote_reachable_blob,
src/consent_audit/week2_preflight 2.py,7009,8bbe6c12eb9d0f3fce1067986fbcaa1060349f38e23aa4cfed62d18bd5df56a6,10c3a9d0e840fdd30699aacc77baa279a8a7ad17,src/consent_audit/week2_preflight.py,remote_reachable_blob,
src/consent_audit/week2_refresh 2.py,13322,00c024f744bb9599d0a83f5694fe9c6d448f27309ea85063bc9680f34033d4cf,c53de6f0172d445e34e15a901bf5453dc634df30,src/consent_audit/week2_refresh.py,remote_reachable_blob,
src/consent_audit/week2_sanity 2.py,7831,2a733a4819a001d1ac9a9d6f50573a9ce24e6c0dde49249e8cc3e62fb8d2d29f,506a1109a0e2a0586e2dfabaf78a0e7ae6484fd9,src/consent_audit/week2_sanity.py,remote_reachable_blob,
task_plan 2.md,33994,44c279db4ad74dc798412e0e5083bb77a6814695b7e8c63091ef591423e26c7a,ea8735015d7e8bf7a59b70fc6a00fe4b356f9716,task_plan.md,archived_unique_blob,archive/local_recovery_2026-08-11/desktop_stale_clone_unique/task_plan 2.md
tests/capture/test_agent 2.py,6421,705371e16e249e7060a77318b09ab45966b64bde70d8f01304e505447aea1bf0,228b87262e696b67f6341f4f3bbda738e5fb481a,tests/capture/test_agent.py,remote_reachable_blob,
tests/capture/test_capture_site_integration 2.py,7902,533d4e617e9217c8b4b2518a4c14e52319b0defd054cd0bb88d7d243ce61cdea,c4f730f5faef810ea3ea1bc0ef056ee974887302,tests/capture/test_capture_site_integration.py,remote_reachable_blob,
tests/capture/test_fingerprint 2.py,1815,f2fbc55427ad52e5102bad5b1cb365ad851581e680cdbe2b0afcd0962242bc53,a15158e4d7d3fd28df735d9f203db2aa598e66bb,tests/capture/test_fingerprint.py,remote_reachable_blob,
tests/capture/test_sanitize 2.py,1554,8e5c575612ed248b5dc308d205e78e9614ada9add884075dc5d75cd5f0266ac6,29086f45a79a0d8d028f9b00ef7aea9a00764f47,tests/capture/test_sanitize.py,remote_reachable_blob,
tests/diff/test_engine 2.py,3150,62db14ee3cb6a5f4adcf8ad23eb29f74fa585ef000fd04f1710153b0d2df983c,fd932fff61fcb6e5c2da93dcc6548d9c26e19e38,tests/diff/test_engine.py,remote_reachable_blob,
tests/layers/test_layer2_path_effort 2.py,3368,48103e87c29b50726338ff5fe7b48ec83b917700929b6d9b448a4fc93437e96a,73b710373bc0ab7aab8eb637536ff4b13025ad22,tests/layers/test_layer2_path_effort.py,remote_reachable_blob,
tests/layers/test_layer3_transparency 2.py,4347,45de6f8ce17e4a8ee8dcac1cd8c867982d9505c384f1dd8bcbef5b930ae4fbe2,165a2c2e688fce37743975a7defff8fe747a4a7e,tests/layers/test_layer3_transparency.py,remote_reachable_blob,
tests/llm/test_budget 2.py,736,e100f51bc411492e16d8231e2ffc85e69ec84a0ee79786f815f2960a63548708,7d1e612abb90d8560b3250e1c16a288cad64bd39,tests/llm/test_budget.py,remote_reachable_blob,
tests/llm/test_text_wrappers 2.py,1979,7b88de473ef71170acce03d22c665df62eae601b092e3a032dfa9b81fd049508,bacdc71396d538ff285398b16271ecf668a5f348,tests/llm/test_text_wrappers.py,remote_reachable_blob,
tests/llm/test_vision_wrappers 2.py,2184,9e31d0315d858e074e2d75707dd37a212d993f02fc4d6cad7a9756f023fd38a1,3be2897dbedb681c0278b0e03dd2dfaf285c9e55,tests/llm/test_vision_wrappers.py,remote_reachable_blob,
tests/report/test_generator 2.py,5651,6f36b4d0b7d84c756f6549ce166f4be17968f843cc9099bb542ed309c9f73bfa,900a12436883053dd086c5c5798bd3567c1aee37,tests/report/test_generator.py,remote_reachable_blob,
tests/scripts/test_access_probe 2.py,3673,6b8ba6b98051045f2b4267402fea3f3976bf0d4ccde9fcb54edcdc3d675d65d0,254f7ff605d0dc98c9397d616277dde199ab41c0,tests/scripts/test_access_probe.py,remote_reachable_blob,
tests/scripts/test_access_probe_summarize 2.py,927,ff5d05273d4bca36776cd3c473018a7653d042dd4f18ea67cbfb434591c881db,e0aef6db6333f89a67777363dc5d270d3d709710,tests/scripts/test_access_probe_summarize.py,remote_reachable_blob,
tests/scripts/test_direct_script_execution 2.py,918,77ec455808f20eaba4f6f20d4ff70a172c0d6738af5f6c389f4788a398583951,2f1e5b7f81890d79d82e60aaaa30d939f0853717,tests/scripts/test_direct_script_execution.py,remote_reachable_blob,
tests/scripts/test_export_audit_reports 2.py,2037,367575cac0fdd2ee8ed303d4e2bd24d8697bf7573c52eef779e6211d432c0ea5,c2b978fc8b8f4033cfe6d1282ff71301047df63a,tests/scripts/test_export_audit_reports.py,remote_reachable_blob,
tests/scripts/test_export_longitudinal_summary 2.py,1750,4d2126fa7ddbae8b960eacd95c34bf532482d4f13c5cf3eee96f8d7a112fd660,1ee0c58a357b02c29f97fb9a40b3ecae03d90fa3,tests/scripts/test_export_longitudinal_summary.py,remote_reachable_blob,
tests/scripts/test_export_research_package 2.py,3250,30e02c054769631473f796f7d6cfd879e05ee68e7fa6e7d9935776a8223ec0d4,aaeb551bd2dfb1efbda03909b9d6fb6d4939b97e,tests/scripts/test_export_research_package.py,remote_reachable_blob,
tests/scripts/test_run_audit 2.py,3200,69e2a8e4121a963205d521f7f54da5029c06fc52fc878f6bc54f21777432ecad,36b122f03be0ffaabdcb897b5532e5a4a5100812,tests/scripts/test_run_audit.py,remote_reachable_blob,
tests/scripts/test_run_weekly 2.py,17240,2af53caecef7e36b73008eff9e86ed2f63d2b5ade232c24e78e5bab93099ae5d,c5dcbc802284ec2bdeb7fccaf8301833a58e7048,tests/scripts/test_run_weekly.py,remote_reachable_blob,
tests/storage/test_db 2.py,6618,6ba306dd02d682963f488b6c5b8d7b419c5d00de36175ef1f866fca0fc57788f,02aa6bd9e7fb08e4af6542e075e10f39c85a350e,tests/storage/test_db.py,remote_reachable_blob,
tests/storage/test_object_store 2.py,1769,44135bd477f740f51ed010f041e81d4315f186eb45b3818f190115ed9123af88,ea839817be1ab3d848ad78360055183a28589685,tests/storage/test_object_store.py,remote_reachable_blob,
tests/test_advisor_brief 2.py,4442,86ad24a4ccbe186fb79649c3c391982031afa58d3f07f3a218745a03b438d03a,a97aac5ca0a03d436942cacc6c2882092a23fdc1,tests/test_advisor_brief.py,remote_reachable_blob,
tests/test_audit_report_export 2.py,3979,fb0f0b0ba4e054411cd777d85c89cc628b822f14be4ec2bfe6ffdd17c5814130,bf9e8e2930e19a509bb7562175bf8a4ebe1d5d7a,tests/test_audit_report_export.py,remote_reachable_blob,
tests/test_checkin_index 2.py,3023,b9de40db8d642a3199a7d1a78e394d778428b6747e89efbec96768a1f505a59e,07b01ec4814515329c3cc5a06435703d54c2505f,tests/test_checkin_index.py,remote_reachable_blob,
tests/test_cli 2.py,117040,29b8832eb732e024cc6edd181d8dee22bb2d3640f87031fe7ddca4a4e53e00f4,fb71faca464777a1bfe17508554316e5503b2543,tests/test_cli.py,remote_reachable_blob,
tests/test_cmp_review_queue 2.py,26677,9d36f8997991b5cfe2c38e31ed98ebc71958224ba8c0484259f4a3c2cdc1a327,2e23f506931e8cbefeca102d6614799f28b97dc4,tests/test_cmp_review_queue.py,remote_reachable_blob,
tests/test_consent_table 2.py,4889,9bb17003772b7fedaea70e7fe7d8083e3bd8316ffebd854c08c2c7c3f82ffac8,a5160f08c3b6b6fa47f5cbda0cb24fe618ceee76,tests/test_consent_table.py,remote_reachable_blob,
tests/test_longitudinal_export 2.py,2316,4eaa96adddbf34bd458129647d00d3df46246fdf5264bd2e1920136670186fe3,dab3f0572d5857b2c14363ae416dffb698692918,tests/test_longitudinal_export.py,remote_reachable_blob,
tests/test_paper_claims 2.py,5860,c9bc76a83e18b7af2a2f5f359a09a5b09baeb559d3a49bfdc0094da47ca1999c,3cfe0f5f144cafb8c83898ccc78e2df2e6a455e2,tests/test_paper_claims.py,archived_unique_blob,archive/local_recovery_2026-08-11/desktop_stale_clone_unique/tests/test_paper_claims 2.py
tests/test_paper_figures 2.py,4289,a7e01c381630f67617bc1418c31de88007b8b3e15e1b811d05bbaeb9e386daa0,26853aec95b7935de3da0db6b1f70b17af3efb2d,tests/test_paper_figures.py,remote_reachable_blob,
tests/test_paper_skeleton 2.py,4378,273dd59ed0b4a81aa2588a41818eb3710e083bc0e8747b37f851fc65d5ef7735,2a319772881f0ed70abaee9a6ee1e737b6db5f0c,tests/test_paper_skeleton.py,archived_unique_blob,archive/local_recovery_2026-08-11/desktop_stale_clone_unique/tests/test_paper_skeleton 2.py
tests/test_paper_tables 2.py,4028,0e80c7957498693acbff1eed1d21fb1babc18bfa355f292596242e8c8453d3f4,34441ddcceabd0f67474ba4daebe59ced3c4f8f0,tests/test_paper_tables.py,archived_unique_blob,archive/local_recovery_2026-08-11/desktop_stale_clone_unique/tests/test_paper_tables 2.py
tests/test_paper_writing_pack 2.py,6113,5b03cab106e46a98c89e263d27444922f4a891996f65caecef8e09a7d0e0785f,1982cbb08055c4932b54fe2de6e2242aa72fa06f,tests/test_paper_writing_pack.py,archived_unique_blob,archive/local_recovery_2026-08-11/desktop_stale_clone_unique/tests/test_paper_writing_pack 2.py
tests/test_poster_plan 2.py,5101,00b706ad7c46f7d6e4e1bb86dc05516b2b907434ae7204e28d04d368005ad67f,bcf3dae024ac4dded6afca1d8535ab8aa2bc6ad9,tests/test_poster_plan.py,archived_unique_blob,archive/local_recovery_2026-08-11/desktop_stale_clone_unique/tests/test_poster_plan 2.py
tests/test_replacement_review 2.py,6207,7174478e1b6fe5ef75550e1710790f325b89c531f79a6074cf6d8800362f8a51,d8716a88570e3fee7d5a4d357dff869cdf2fb052,tests/test_replacement_review.py,remote_reachable_blob,
tests/test_research_artifacts 2.py,29032,d882ddd6949876320ddb97fefd722474d059edd137ac6893f81292872e53bd9a,ef95d28473465b6e6e37046b4527e26660c47ae0,tests/test_research_artifacts.py,archived_unique_blob,archive/local_recovery_2026-08-11/desktop_stale_clone_unique/tests/test_research_artifacts 2.py
tests/test_research_status 2.py,4454,f32e4d9736ae7cf0fc358507e0c83d6a8f20096d8dcfba3be41f14f8a1d093ae,ed1714da6ea407e8459e1b4b58964c2775914250,tests/test_research_status.py,remote_reachable_blob,
tests/test_sample_lock 2.py,10773,2327dfb4a3b2d4368f7b60c52a26a5fd5f6c3e7102274af405361c30f56262fb,4fb6fa9ecff4460d786f4830c5a53aa0b30b9758,tests/test_sample_lock.py,remote_reachable_blob,
tests/test_sample_readiness 2.py,5638,daee113c74f1ee529e320b1df693a94575ee02a97373b062bf80deb159d1d758,5ccdbbf8fee0e7c63b7f3d6ec3c21e5b3a960afa,tests/test_sample_readiness.py,remote_reachable_blob,
tests/test_site_list 2.py,1852,0e980ee344a016d805e183b3bde9bdbd7a8c4e839288b51de469e8cd03bc67c0,24a8396047926bdfce86c3b3db81906833f17f2a,tests/test_site_list.py,remote_reachable_blob,
tests/test_week2_checklist 2.py,2788,b3dd86e44bbc6c3953b9f45e12b187c0a82cfda95383cb5058919062a8d925e5,5ab30c5d8597032378d6c67211859642bffbc1fa,tests/test_week2_checklist.py,remote_reachable_blob,
tests/test_week2_cycle 2.py,22606,2d4e2ca1d9ad2400c3ba864f2d5257e1c7d823cc5c0b2a521555360363afbf71,e6958406b19e0a1a8279902df92eb26df0ad0583,tests/test_week2_cycle.py,remote_reachable_blob,
tests/test_week2_plan 2.py,1335,969eb31925fd1c4b963e7d15ad718633c8ca053456ac8557408896c2312b0bf8,477e8ff30596609bdc67fd1afcc7e0bd8f3a8868,tests/test_week2_plan.py,remote_reachable_blob,
tests/test_week2_preflight 2.py,3341,066762daac55a9dac0e7b6874d8cc61524669a654b0b7d7d410db8f6fc5c6b3d,f68df025511f83f32b0cbd48b509feb71b099ed2,tests/test_week2_preflight.py,remote_reachable_blob,
tests/test_week2_refresh 2.py,13873,2e158ff776a2fd77bca48b80475d6a345f4a4441090db62e1baabe28fa5de0b7,5a5da8f0118b6a86e3d5d2eabcda5a4812665466,tests/test_week2_refresh.py,remote_reachable_blob,
tests/test_week2_sanity 2.py,3457,f6e48559bf99a41cd6f53960006c73244b9fc805f3f104597ec0eaecbf50d2ad,91184fde963d8438f8834ad9a94da4c2f9b396fa,tests/test_week2_sanity.py,remote_reachable_blob,
